COMPANY_NAME,LOGO_URL,DESCRIPTION,PHONE,ADDRESS,ADDRESS1,CITY,ZIP_CODE,STATE_PROVINCE,WEBSITE_URL,CATEGORY
Arnold's Family Fun Center,https://funcenterdirectory.com/wp-content/uploads/listing-uploads/logo/2022/11/Arnolds-logo.png,There is NEVER a parking or entrance fee & no reservations are required.,610-666-0600,"2200 West Drive, Oaks, PA 19456, USA",2200 West Drive,Oaks,19456,PA,https://funcenterdirectory.com/listing/arnolds-family-fun-center/,Family Fun Centers
Kidstopia,https://funcenterdirectory.com/wp-content/uploads/listing-uploads/logo/2022/11/kidstopia-indoor-logo-150x139.png,Utah's Largest Indoor Playground Attraction,(801) 601-8341,"14725 Porter Rockwell Road, Bluffdale, UT 84065, USA",14725 Porter Rockwell Road,Bluffdale,84065,UT,https://funcenterdirectory.com/listing/kidstopia/,Indoor Play Centers
Newtopia Fun Park,https://funcenterdirectory.com/wp-content/uploads/listing-uploads/logo/2022/11/new-topia-fun-park-logo-150x150.png,We are open 7 days a week.,334-356-4518,"3731 Malcolm Drive, Montgomery, AL 36116, USA",3731 Malcolm Drive,Montgomery,36116,AL,https://funcenterdirectory.com/listing/newtopia-fun-park/,Indoor Play Centers
Explore & More Children's Museum,https://funcenterdirectory.com/wp-content/uploads/listing-uploads/logo/2022/11/explore-and-more-logo-150x150.png,The Ralph C. Wilson Children's Museum,716-655-5131,"130 Main Street, Buffalo, NY 14202, USA",130 Main Street,Buffalo,14202,NY,https://funcenterdirectory.com/listing/explore-more-childrens-museum/,Museums
Adventure Land,https://funcenterdirectory.com/wp-content/uploads/listing-uploads/logo/2022/11/adventure-land-themepark-logo-150x150.png,Where fun lives!,"3738 West Main Street, Dothan, Alabama 36305, USA",,,,,,https://funcenterdirectory.com/listing/adventure-land/,Adventure Parks
Catch Air,https://funcenterdirectory.com/wp-content/uploads/2022/11/catch-air-fun-center-logo-150x150.png,Claim this business for free.,201-713-2156,69 NJ-17 Hasbrouck Heights NJ 07604,69 NJ-17 Hasbrouck Heights NJ 07604,,,,https://funcenterdirectory.com/listing/catch-air/,Family Fun Centers
Ready Set Play,https://funcenterdirectory.com/wp-content/uploads/listing-uploads/logo/2022/11/ready-set-play-berkshire-logo-150x85.png,"Ready Set Play is the perfect place for little ones to explore, play, and imagine.",(413) 344-4228,"675 Merrill Rd, Pittsfield, MA 01201, USA",675 Merrill Rd,Pittsfield,01201,MA,https://funcenterdirectory.com/listing/ready-set-play/,Indoor Play Centers
Old Town Family Fun,,Claim this business for free.,307-315-3639,"301 West E Street, Casper, Wyoming, USA, 82602",301 West E Street,Casper,,Wyoming,https://funcenterdirectory.com/listing/old-town-family-fun/,Family Fun Centers
Family Fun Land,,Claim this business for free.,262-251-0338,W189 N11161 Klienmann Dr,W189 N11161 Klienmann Dr,,,,https://funcenterdirectory.com/listing/family-fun-land/,Family Fun Centers
Little A Merrika Amusement Park,https://funcenterdirectory.com/wp-content/uploads/2022/10/main_logo-150x122.png,Claim this business for free.,(888) 607-7735,"700 E. Main St., Marshall, Wisconsin, USA, 53559",700 E. Main St.,Marshall,,Wisconsin,https://funcenterdirectory.com/listing/little-a-merrika-amusement-park/,Amusement Parks
Kalahari Resorts,,Claim this business for free.,(877)525-2427,P.O. Box 590,P.O. Box 590,,,,https://funcenterdirectory.com/listing/kalahari-resorts/,Water Parks
Noah's Ark Family Fun Park,,Claim this business for free.,555-321-1234,1410 Wisconsin Dells Pkwy.,1410 Wisconsin Dells Pkwy.,,,,https://funcenterdirectory.com/listing/noahs-ark-family-fun-park/,Water Parks
Polynesian Resort Hotel & Water Park,,Claim this business for free.,(608) 272-5642,"P.O. Box 570, Wisconsin Dells, Wisconsin, USA, 53965",P.O. Box 570,Wisconsin Dells,,Wisconsin,https://funcenterdirectory.com/listing/polynesian-resort-hotel-water-park/,Water Parks
Riverview Park and Waterworld,,Claim this business for free.,(608) 254-2608,P.O. Box 300,P.O. Box 300,,,,https://funcenterdirectory.com/listing/riverview-park-and-waterworld/,Outdoor Attractions
Tommy Bartlett Show,,Claim this business for free.,(608) 254-2525,560 Wisconsin Dells Pkwy.,560 Wisconsin Dells Pkwy.,,,,https://funcenterdirectory.com/listing/tommy-bartlett-show/,Science Centers & Edutainment
Valley Worlds of Fun,,Claim this business for free.,(304) 366-2500,2017 Pleasant Valley Road,2017 Pleasant Valley Road,,,,https://funcenterdirectory.com/listing/valley-worlds-of-fun/,Family Fun Centers
Camden Park,,Claim this business for free.,(304) 429-4321,Small Amusement Park,Small Amusement Park,,,,https://funcenterdirectory.com/listing/camden-park/,Family Fun Centers
Ben & Jerry's Factory Tour,,Claim this business for free.,(802) 882-1240,1281 Waterbury,1281 Waterbury,,,,https://funcenterdirectory.com/listing/ben-jerrys-factory-tour/,Family Fun Centers
Busch Gardens Virginia,,Claim this business for free.,(800) 343-7946,One Busch Gardens Blvd.,One Busch Gardens Blvd.,,,,https://funcenterdirectory.com/listing/busch-gardens-virginia/,Theme Parks
Family Fun Center & Bullwinkle's Restaurant,,Claim this business for free.,425-228-7300,7300 Fun Center Way,7300 Fun Center Way,,,,https://funcenterdirectory.com/listing/family-fun-center-bullwinkles-restaurant-2/,Family Fun Centers
Metro Richmond Zoo,,Claim this business for free.,(804) 739-5666,8300 Beaver Ridge Road,8300 Beaver Ridge Road,,,,https://funcenterdirectory.com/listing/metro-richmond-zoo/,Family Fun Centers
"Action Park of Williamsburg, VA/Go-Karts Plus",,Claim this business for free.,(757) 564-7600,6910 Richmond Road,6910 Richmond Road,,,,https://funcenterdirectory.com/listing/action-park-of-williamsburg-va-go-karts-plus/,Amusement Parks
Aztec Project Development Ltd. dba Aztec On The River,,Claim this business for free.,(210) 227-3930,201 E. Commerce Suite 300,201 E. Commerce Suite 300,,,,https://funcenterdirectory.com/listing/aztec-project-development-ltd-dba-aztec-on-the-river/,Family Fun Centers
Mist Island,,Claim this business for free.,(540) 607-6670,234 East Market St. Suite 1,234 East Market St. Suite 1,,,,https://funcenterdirectory.com/listing/mist-island/,Family Fun Centers
The Health Museum,,Claim this business for free.,(713) 942-7054,1515 Hermann Drive,1515 Hermann Drive,,,,https://funcenterdirectory.com/listing/the-health-museum/,Museums
Pontiac Arms Apts. Inc.,,Claim this business for free.,(757) 428-1981,101 Cypress Ave.,101 Cypress Ave.,,,,https://funcenterdirectory.com/listing/pontiac-arms-apts-inc/,Family Fun Centers
Celebration Centre Inc.,,Claim this business for free.,(435) 752-1987,P.O. Box 55,P.O. Box 55,,,,https://funcenterdirectory.com/listing/celebration-centre-inc/,Family Fun Centers
Thunder Valley Go-Kart Track,,Claim this business for free.,(540) 387-9477,6531 Hidden Woods Drive,6531 Hidden Woods Drive,,,,https://funcenterdirectory.com/listing/thunder-valley-go-kart-track/,Family Fun Centers
Orchard Lanes,,Claim this business for free.,(801) 936-8700,Small Amusement Park,Small Amusement Park,,,,https://funcenterdirectory.com/listing/orchard-lanes/,Family Fun Centers
Kings Dominion Park,,Claim this business for free.,555-321-1234,P.O. Box 2000,P.O. Box 2000,,,,https://funcenterdirectory.com/listing/kings-dominion-park/,Theme Parks
Lagoon Amusement Park,,Claim this business for free.,(801) 451-8000,Lagoon Drive,Lagoon Drive,,,,https://funcenterdirectory.com/listing/lagoon-amusement-park/,Theme Parks
Adventure World,,Claim this business for free.,540-382-1717,200 Midway Plaza Dr NW,200 Midway Plaza Dr NW,,,,https://funcenterdirectory.com/listing/adventure-world/,Family Fun Centers
Swaders Sports Park,,Claim this business for free.,804 733 3700,4725 Whitehill Blvd.,4725 Whitehill Blvd.,,,,https://funcenterdirectory.com/listing/swaders-sports-park/,Adventure Parks
Family Fun Centres Pty Ltd,,Claim this business for free.,0423-205-003,Level 1,Level 1,,,,https://funcenterdirectory.com/listing/family-fun-centres-pty-ltd/,Family Fun Centers
Dr. Lavender's Animals Inc.,,Claim this business for free.,(804) 741-9600,"2627 Pleasant Run Drive, Richmond, Virginia, USA, 23233",2627 Pleasant Run Drive,Richmond,,Virginia,https://funcenterdirectory.com/listing/dr-lavenders-animals-inc/,Family Fun Centers
Family Fun & Entertainment,,Claim this business for free.,(802) 862-0517,25 Omega Drive,25 Omega Drive,,,,https://funcenterdirectory.com/listing/family-fun-entertainment/,Family Fun Centers
Endless Caverns LLC,,Claim this business for free.,(540) 896-2283,1800 Endless Caverns Road,1800 Endless Caverns Road,,,,https://funcenterdirectory.com/listing/endless-caverns-llc/,Family Fun Centers
Whatz-Up Family Fun Park,,Claim this business for free.,(903) 432-9955,P.O. Box 43792,P.O. Box 43792,,,,https://funcenterdirectory.com/listing/whatz-up-family-fun-park/,Family Fun Centers
Cutting Edge Productions,,Claim this business for free.,(817) 608-7405,Small Amusement Park,Small Amusement Park,,,,https://funcenterdirectory.com/listing/cutting-edge-productions/,Family Fun Centers
Nickels & Dimes Inc./Tilt,,Claim this business for free.,(972) 492-3262,4534 Old Denton Road,4534 Old Denton Road,,,,https://funcenterdirectory.com/listing/nickels-dimes-inc-tilt/,Family Fun Centers
Joyland Amusement Park,,Claim this business for free.,(806) 763-2719,P.O. Box 2262,P.O. Box 2262,,,,https://funcenterdirectory.com/listing/joyland-amusement-park/,Amusement Parks
Amusement Games of Texas,,Claim this business for free.,(210) 737-2007,308 W. Josephine,308 W. Josephine,,,,https://funcenterdirectory.com/listing/amusement-games-of-texas/,Family Fun Centers
Natural Bridge Caverns,,Claim this business for free.,(210) 651-6101,26495 Natural Bridge Caverns Road,26495 Natural Bridge Caverns Road,,,,https://funcenterdirectory.com/listing/natural-bridge-caverns/,Outdoor Attractions
BKS Entertainment,,Claim this business for free.,(817) 468-7041,P.O. Box 152465,P.O. Box 152465,,,,https://funcenterdirectory.com/listing/bks-entertainment/,Family Fun Centers
Magic Carpet Golf,,Claim this business for free.,(409) 740-2000,9030 Seawall Blvd.,9030 Seawall Blvd.,,,,https://funcenterdirectory.com/listing/magic-carpet-golf/,Family Fun Centers
"Austin's Entertainment, LLC",,Claim this business for free.,512-670-9600,16231 North IH-35,16231 North IH-35,,,,https://funcenterdirectory.com/listing/austins-entertainment-llc/,Amusement Parks
Z.D.T.s Amusement Center,,Claim this business for free.,(830) 372-5999,116 W. Cedar,116 W. Cedar,,,,https://funcenterdirectory.com/listing/z-d-t-s-amusement-center/,Family Fun Centers
Putt-Putt Fun House,,Claim this business for free.,(281) 333-0579,806 E. Nasa Road #1,806 E. Nasa Road #1,,,,https://funcenterdirectory.com/listing/putt-putt-fun-house/,Family Fun Centers
CEC Entertainment Inc.,,Claim this business for free.,(972) 258-8507,4441 W. Airport Fwy.,4441 W. Airport Fwy.,,,,https://funcenterdirectory.com/listing/cec-entertainment-inc/,Family Fun Centers
Bodyworks,,Claim this business for free.,(806) 799-4040,5921 34th St.,5921 34th St.,,,,https://funcenterdirectory.com/listing/bodyworks/,Family Fun Centers
Putt-Putt Golf & Games,,Claim this business for free.,(817) 467-6568,P.O. Box 152465,P.O. Box 152465,,,,https://funcenterdirectory.com/listing/putt-putt-golf-games/,Family Fun Centers
Jump N Jungle,,Claim this business for free.,(281) 557-0700,20810 I-45 South #5,20810 I-45 South #5,,,,https://funcenterdirectory.com/listing/jump-n-jungle/,Family Fun Centers
Kemah Boardwalk,,Claim this business for free.,(281) 535-8100,701 Fourth St.,701 Fourth St.,,,,https://funcenterdirectory.com/listing/kemah-boardwalk/,Family Fun Centers
Golden Crescent Adventure Park Inc.,,Claim this business for free.,(361) 578-8500,514 S. Laurent,514 S. Laurent,,,,https://funcenterdirectory.com/listing/golden-crescent-adventure-park-inc/,Family Fun Centers
Play Diversion Family Center,,Claim this business for free.,(832) 818-5544,MCO 75 P.O. Box 025233,MCO 75 P.O. Box 025233,,,,https://funcenterdirectory.com/listing/play-diversion-family-center/,Family Fun Centers
IT'Z Family Fun Ceter,,Claim this business for free.,(214) 751-8300,12400 Coit Road Suite 800,12400 Coit Road Suite 800,,,,https://funcenterdirectory.com/listing/itz-family-fun-ceter/,Family Fun Centers
Fantasy World Arcade,,Claim this business for free.,325-673-5200,4033 N 1st St,4033 N 1st St,,,,https://funcenterdirectory.com/listing/fantasy-world-arcade/,Family Fun Centers
Floyd & Baxter Amusements C.V.S.,,Claim this business for free.,(615) 444-6627,Box 702 Carver Lane,Box 702 Carver Lane,,,,https://funcenterdirectory.com/listing/floyd-baxter-amusements-c-v-s/,Family Fun Centers
Sports Connection,,Claim this business for free.,(409) 729-4000,6755 Patillo Rd.,6755 Patillo Rd.,,,,https://funcenterdirectory.com/listing/sports-connection/,Family Fun Centers
Lost Treasure Management Inc.,,Claim this business for free.,(865) 453-8044,P.O. Box 24,P.O. Box 24,,,,https://funcenterdirectory.com/listing/lost-treasure-management-inc/,Family Fun Centers
FunFactor Amusements LLC,,Claim this business for free.,(949) 481-3252,8225 Kingsbrook Road Apt. 119,8225 Kingsbrook Road Apt. 119,,,,https://funcenterdirectory.com/listing/funfactor-amusements-llc/,Family Fun Centers
Fun Expedition Family Fun Center,,Claim this business for free.,(423) 429-2386,2805 N. Roan St.,2805 N. Roan St.,,,,https://funcenterdirectory.com/listing/fun-expedition-family-fun-center/,Family Fun Centers
San Antonio's IPC,,Claim this business for free.,(210) 342-2121,11743 West Avenue,11743 West Avenue,,,,https://funcenterdirectory.com/listing/san-antonios-ipc/,Family Fun Centers
Fannie Farkle's/Marion Paul Inc.,,Claim this business for free.,(865) 436-4057,P.O. Box 156,P.O. Box 156,,,,https://funcenterdirectory.com/listing/fannie-farkles-marion-paul-inc/,Family Fun Centers
Victoria's IPC,,Claim this business for free.,361-572-4121,3706 N. Navarro Street,3706 N. Navarro Street,,,,https://funcenterdirectory.com/listing/victorias-ipc/,Family Fun Centers
Putt Putt Family Park/Greenway Golf Center Inc.,,Claim this business for free.,(901) 388-5314,5484 Summer Ave.,5484 Summer Ave.,,,,https://funcenterdirectory.com/listing/putt-putt-family-park-greenway-golf-center-inc/,Family Fun Centers
Dixie Stampede,,Claim this business for free.,(865) 453-9473,3849 Parkway,3849 Parkway,,,,https://funcenterdirectory.com/listing/dixie-stampede/,Theme Parks
Ormond Beach Management Co.,,Claim this business for free.,(843) 757-1333,57 Fern Lakes Drive,57 Fern Lakes Drive,,,,https://funcenterdirectory.com/listing/ormond-beach-management-co/,Family Fun Centers
Fiddiers' Feast Supper Show,,Claim this business for free.,(265) 902-2252,2391 Parkway,2391 Parkway,,,,https://funcenterdirectory.com/listing/fiddiers-feast-supper-show/,Family Fun Centers
The Track Family Recreation Amusement Center,,Claim this business for free.,(865) 453-4777,2575 Parkway,2575 Parkway,,,,https://funcenterdirectory.com/listing/the-track-family-recreation-amusement-center/,Family Fun Centers
Grand Rental Station,,Claim this business for free.,(423) 639-6160,2215 E. Andrew Johnson Hwy.,2215 E. Andrew Johnson Hwy.,,,,https://funcenterdirectory.com/listing/grand-rental-station/,Family Fun Centers
Memphis Incredible Pizza Company,,Claim this business for free.,901-309-3132,1245 Germantown ParkwaySuite 104,1245 Germantown ParkwaySuite 104,,,,https://funcenterdirectory.com/listing/memphis-incredible-pizza-company/,Family Fun Centers
Belle Island Village LLC,,Claim this business for free.,(865) 429-6425,One Island Drive,One Island Drive,,,,https://funcenterdirectory.com/listing/belle-island-village-llc/,Family Fun Centers
Ober Gatlinburg Amusement Area,,Claim this business for free.,(423) 436-5423,1001 Parkway,1001 Parkway,,,,https://funcenterdirectory.com/listing/ober-gatlinburg-amusement-area/,Outdoor Attractions
Pigeon River Outdoors,,Claim this business for free.,(865) 436-5008,P.O. Box 592,P.O. Box 592,,,,https://funcenterdirectory.com/listing/pigeon-river-outdoors/,Family Fun Centers
Lake Winnepesaukah Amusement Park,,Claim this business for free.,(706) 866-5681,1730 Lakeview Dr.,1730 Lakeview Dr.,,,,https://funcenterdirectory.com/listing/lake-winnepesaukah-amusement-park/,Theme Parks
Helicopter Headquarters,,Claim this business for free.,(865) 429-2929,2491 Parkway,2491 Parkway,,,,https://funcenterdirectory.com/listing/helicopter-headquarters/,Family Fun Centers
Beaufort Fun Park,,Claim this business for free.,(843) 524-2267,599 Robert Smalls Pkwy.,599 Robert Smalls Pkwy.,,,,https://funcenterdirectory.com/listing/beaufort-fun-park/,Family Fun Centers
Joyas de Cristo,,Claim this business for free.,(787) 763-6363,P.O. Box 21065,P.O. Box 21065,,,,https://funcenterdirectory.com/listing/joyas-de-cristo/,Family Fun Centers
Burroughs & Chapin Co. Inc.,,Claim this business for free.,(843) 918-7806,Small Amusement Park,Small Amusement Park,,,,https://funcenterdirectory.com/listing/burroughs-chapin-co-inc/,Family Fun Centers
AD Communications Group Inc.,,Claim this business for free.,(787) 962-7373,Urb. Ext. Elizabeth 5055 Calle Romanos,Urb. Ext. Elizabeth 5055 Calle Romanos,,,,https://funcenterdirectory.com/listing/ad-communications-group-inc/,Family Fun Centers
Dolphin Park,,Claim this business for free.,(843) 448-6550,916 N. Ocean Blvd.,916 N. Ocean Blvd.,,,,https://funcenterdirectory.com/listing/dolphin-park/,Family Fun Centers
USS Saratoga Museum Foundation Inc.,,Claim this business for free.,(401) 831-8696,P.O. Box 28581,P.O. Box 28581,,,,https://funcenterdirectory.com/listing/uss-saratoga-museum-foundation-inc/,Family Fun Centers
Charleston County Park & Recreation Commission,,Claim this business for free.,(843) 762-2172,861 Riverland Drive,861 Riverland Drive,,,,https://funcenterdirectory.com/listing/charleston-county-park-recreation-commission/,Family Fun Centers
CLM Entertainment Inc.,,Claim this business for free.,(401) 338-3246,17 Boyle Avenue,17 Boyle Avenue,,,,https://funcenterdirectory.com/listing/clm-entertainment-inc/,Family Fun Centers
Nightmare Haunted House,,Claim this business for free.,(843) 626-0022,P.O. Box 108 1001 N. Ocean Blvd.,P.O. Box 108 1001 N. Ocean Blvd.,,,,https://funcenterdirectory.com/listing/nightmare-haunted-house/,Family Fun Centers
Exchange Park,,Claim this business for free.,8435723161,P.O. Box 762,P.O. Box 762,,,,https://funcenterdirectory.com/listing/exchange-park/,Family Fun Centers
Ocean Lakes Family Campground,,Claim this business for free.,(843) 238-5636,6001 S. Kings Hwy.,6001 S. Kings Hwy.,,,,https://funcenterdirectory.com/listing/ocean-lakes-family-campground/,Family Fun Centers
Jungle Lagoon/Double Golf,,Claim this business for free.,(843) 626-7894,5709 Country Club Drive,5709 Country Club Drive,,,,https://funcenterdirectory.com/listing/jungle-lagoon-double-golf/,Family Fun Centers
Marks Construction Co. of S.C. Inc.,,Claim this business for free.,(843) 650-1133,3061 Newcastle Loop,3061 Newcastle Loop,,,,https://funcenterdirectory.com/listing/marks-construction-co-of-s-c-inc/,Family Fun Centers
Carlisle Sports Emporium,,Claim this business for free.,(717) 258-4741,29 S. Middlesex Road,29 S. Middlesex Road,,,,https://funcenterdirectory.com/listing/carlisle-sports-emporium/,Family Fun Centers
Frankie's Fun Park,,Claim this business for free.,(803) 407-5368 x104,667 E. Bay St.,667 E. Bay St.,,,,https://funcenterdirectory.com/listing/frankies-fun-park/,Amusement Parks
Waltz Golf Farm,,Claim this business for free.,(610) 489-7859,P.O. Box 5043,P.O. Box 5043,,,,https://funcenterdirectory.com/listing/waltz-golf-farm/,Family Fun Centers
Amusements International Inc. (Fun World),,Claim this business for free.,(843) 361-9845,700 Seventh Ave. S.,700 Seventh Ave. S.,,,,https://funcenterdirectory.com/listing/amusements-international-inc-fun-world/,Family Fun Centers
ECHO Zone,,Claim this business for free.,(787) 226-6803,PMB 274 200 Ave. Rafael Covdero,PMB 274 200 Ave. Rafael Covdero,,,,https://funcenterdirectory.com/listing/echo-zone/,Family Fun Centers
Adventure Cove,,Claim this business for free.,(843) 842-9990,18 Folly Field Road,18 Folly Field Road,,,,https://funcenterdirectory.com/listing/adventure-cove/,Family Fun Centers
New Creative Production,,Claim this business for free.,(787) 273-0711,Box 222 El Senorial Mail Station,Box 222 El Senorial Mail Station,,,,https://funcenterdirectory.com/listing/new-creative-production/,Family Fun Centers
National Roller Coaster Museum and Archives,,Claim this business for free.,P.O. Box 233,,,,,,https://funcenterdirectory.com/listing/national-roller-coaster-museum-and-archives/,Family Fun Centers
The Oasis Family Fun Center,,Claim this business for free.,(610) 358-3501,35 LaCrue Ave. Suite 4,35 LaCrue Ave. Suite 4,,,,https://funcenterdirectory.com/listing/the-oasis-family-fun-center/,Indoor Play Centers
Dorney Park & Wildwater Kingdom,,Claim this business for free.,(610) 395-3724,3830 Dorney Park Road,3830 Dorney Park Road,,,,https://funcenterdirectory.com/listing/dorney-park-wildwater-kingdom/,Water Parks
Mermaid Lake Inc.,,Claim this business for free.,(610) 275-9191,P.O. Box 60,P.O. Box 60,,,,https://funcenterdirectory.com/listing/mermaid-lake-inc/,Family Fun Centers
Kennywood,,Claim this business for free.,(412) 461-0500,Large Amusement Park,Large Amusement Park,,,,https://funcenterdirectory.com/listing/kennywood/,Theme Parks
Moonbounce Adventures,,Claim this business for free.,(610) 431-1203,300A Lawrence Drive,300A Lawrence Drive,,,,https://funcenterdirectory.com/listing/moonbounce-adventures/,Family Fun Centers
Knoebels Groves Amusement Resort & Campground,,Claim this business for free.,(570) 672-2572,Large Amusement Park,Large Amusement Park,,,,https://funcenterdirectory.com/listing/knoebels-groves-amusement-resort-campground/,Theme Parks
The Golfzone,,Claim this business for free.,(610) 935-0887,1100 Dickens Drive,1100 Dickens Drive,,,,https://funcenterdirectory.com/listing/the-golfzone/,Family Fun Centers
Waldameer Park Inc. & Water World,,Claim this business for free.,(814) 838-3591,P.O. Box 8308 220 Peninsula Drive,P.O. Box 8308 220 Peninsula Drive,,,,https://funcenterdirectory.com/listing/waldameer-park-inc-water-world/,Water Parks
Jungle Joeys,,Claim this business for free.,(717) 236-3348,10 Bonnywick Drive,10 Bonnywick Drive,,,,https://funcenterdirectory.com/listing/jungle-joeys/,Family Fun Centers
Putting University,,Claim this business for free.,(610) 798-9800,Small Amusement Park,Small Amusement Park,,,,https://funcenterdirectory.com/listing/putting-university/,Family Fun Centers
Giggleberry Fair,,Claim this business for free.,(215) 794-4076,Routes 202 & 263,Routes 202 & 263,,,,https://funcenterdirectory.com/listing/giggleberry-fair/,Family Fun Centers
Neshaminy Shore Store Picnic Park,,Claim this business for free.,(215) 757-5641,P.O. Box 180,P.O. Box 180,,,,https://funcenterdirectory.com/listing/neshaminy-shore-store-picnic-park/,Family Fun Centers
Pitt Rental Center (Party Rental Center),,Claim this business for free.,(724) 863-3001,7670 Route 30,7670 Route 30,,,,https://funcenterdirectory.com/listing/pitt-rental-center-party-rental-center/,Family Fun Centers
House of Parrish Dark Entertainment,,Claim this business for free.,(717) 795-6056,5121 Kylock Road,5121 Kylock Road,,,,https://funcenterdirectory.com/listing/house-of-parrish-dark-entertainment/,Family Fun Centers
Center for Creative Play,,Claim this business for free.,(412) 371-1668,1400 S. Braddock Ave.,1400 S. Braddock Ave.,,,,https://funcenterdirectory.com/listing/center-for-creative-play/,Family Fun Centers
Independence Visitor Center Corporation,,Claim this business for free.,(215) 925-6101,One N. Independence Mall W.,One N. Independence Mall W.,,,,https://funcenterdirectory.com/listing/independence-visitor-center-corporation/,Family Fun Centers
Adventure Sports Family Fun Center,,Claim this business for free.,(717) 533-7479,2905 Church Road,2905 Church Road,,,,https://funcenterdirectory.com/listing/adventure-sports-family-fun-center/,Adventure Parks
National Constitution Center,,Claim this business for free.,(215) 409-6600,525 Arch St.,525 Arch St.,,,,https://funcenterdirectory.com/listing/national-constitution-center/,Family Fun Centers
Caddie Shak Family Fun Park,,Claim this business for free.,(724) 593-7400,132 Caddie Shak Road,132 Caddie Shak Road,,,,https://funcenterdirectory.com/listing/caddie-shak-family-fun-park/,Family Fun Centers
Cedar Point Amusement Park,,Claim this business for free.,(419) 626-0830,One Cedar Point Drive,One Cedar Point Drive,,,,https://funcenterdirectory.com/listing/cedar-point-amusement-park/,Family Fun Centers
In Play Inc.,,Claim this business for free.,905-953-8299,18075 Leslie St.,18075 Leslie St.,,,,https://funcenterdirectory.com/listing/in-play-inc/,Indoor Play Centers
Fun 'n' Stuff Amusement Park,,Claim this business for free.,(800467-0820,661 E Highland Rd,661 E Highland Rd,,,,https://funcenterdirectory.com/listing/fun-n-stuff-amusement-park/,Amusement Parks
In Play Inc. (aka Lil Kridders),,Claim this business for free.,705-730-5582,551 Bryne Dr.,551 Bryne Dr.,,,,https://funcenterdirectory.com/listing/in-play-inc-aka-lil-kridders/,Family Fun Centers
Pole Position Oklahoma City,,Claim this business for free.,405-942-2292,2905 N.W. 36th St.,2905 N.W. 36th St.,,,,https://funcenterdirectory.com/listing/pole-position-oklahoma-city/,Family Fun Centers
The Wax Works/Mariner Enterprises,,Claim this business for free.,(514) 265-2206,250 S.W. Bay Blvd.,250 S.W. Bay Blvd.,,,,https://funcenterdirectory.com/listing/the-wax-works-mariner-enterprises/,Family Fun Centers
Tulsa's IPC,,Claim this business for free.,(918) 294-8671,8314 E. 71st Street,8314 E. 71st Street,,,,https://funcenterdirectory.com/listing/tulsas-ipc/,Family Fun Centers
Funland Entertainment Centers/TD&M Enterprises Inc.,,Claim this business for free.,(503) 738-7361,P.O. Box 23 201,P.O. Box 23 201,,,,https://funcenterdirectory.com/listing/funland-entertainment-centers-tdm-enterprises-inc/,Family Fun Centers
Bouncin Craze,,Claim this business for free.,405-607-2020,14901 N Lincoln Blvd.,14901 N Lincoln Blvd.,,,,https://funcenterdirectory.com/listing/bouncin-craze/,Family Fun Centers
Family Fun Center Bullwinkle's Restaurant,,Claim this business for free.,(503) 685-5000,29111 SW Town Center Loop W.,29111 SW Town Center Loop W.,,,,https://funcenterdirectory.com/listing/family-fun-center-bullwinkles-restaurant/,Family Fun Centers
The Perfect Swing Family Fun Center,,Claim this business for free.,(405) 360-1800,1900 Ann-Branden Blvd.,1900 Ann-Branden Blvd.,,,,https://funcenterdirectory.com/listing/the-perfect-swing-family-fun-center/,Indoor Play Centers
Players,,Claim this business for free.,(503) 539-6972,12464 Se Central Pk. Ct.,12464 Se Central Pk. Ct.,,,,https://funcenterdirectory.com/listing/players/,Family Fun Centers
HeyDay Entertainment,,Claim this business for free.,(405) 522-3133,2317 Morgan Drive,2317 Morgan Drive,,,,https://funcenterdirectory.com/listing/heyday-entertainment/,Family Fun Centers
Fun Fore All,,Claim this business for free.,(724) 779-2270,8 Progress Avenue,8 Progress Avenue,,,,https://funcenterdirectory.com/listing/fun-fore-all/,Amusement Parks
The Acres Driving Range,,Claim this business for free.,705 635 2522,2269 Hwy 60,2269 Hwy 60,,,,https://funcenterdirectory.com/listing/the-acres-driving-range/,Family Fun Centers
Sesame/Rockwood Camps,,Claim this business for free.,(610) 275-2267,P.O. Box 385,P.O. Box 385,,,,https://funcenterdirectory.com/listing/sesame-rockwood-camps/,Family Fun Centers
Beading Buds,,Claim this business for free.,647-225-1017,Greater Toronto Area,Greater Toronto Area,,,,https://funcenterdirectory.com/listing/beading-buds/,Mobile Events & Parties
Adventures On Wonderland,,Claim this business for free.,519-668-2481,3198 Wonderland Rd S,3198 Wonderland Rd S,,,,https://funcenterdirectory.com/listing/adventures-on-wonderland/,Indoor Play Centers
COSI Science Museum Columbus,,Claim this business for free.,(614) 228-2674,333 W. Broad St.,333 W. Broad St.,,,,https://funcenterdirectory.com/listing/cosi-science-museum-columbus/,Science Centers & Edutainment
TayKimTan's Fun Town,,Claim this business for free.,905-356-3331,6161 Thorold Stone Rd,6161 Thorold Stone Rd,,,,https://funcenterdirectory.com/listing/taykimtans-fun-town/,Family Fun Centers
Hazzards Miniature Golf,,Claim this business for free.,(937) 233-4706,6240 Brandt Pk.,6240 Brandt Pk.,,,,https://funcenterdirectory.com/listing/hazzards-miniature-golf/,Family Fun Centers
Moscow Circus,,Claim this business for free.,(718) 349-2286,145 Noble St. #14,145 Noble St. #14,,,,https://funcenterdirectory.com/listing/moscow-circus/,Circus Fairs Carnivals
Moore Lakeshore Investments dba Island Adventures,,Claim this business for free.,(419) 656-5756,280 S.E. Catawba Road,280 S.E. Catawba Road,,,,https://funcenterdirectory.com/listing/moore-lakeshore-investments-dba-island-adventures/,Family Fun Centers
Intrepid Sea Air Space Museum,,Claim this business for free.,(212) 957-7300,One Intrepid Square,One Intrepid Square,,,,https://funcenterdirectory.com/listing/intrepid-sea-air-space-museum/,Museums
Galaxy Games & Golf,,Claim this business for free.,(614) 351-8400,3700 Interchange Road,3700 Interchange Road,,,,https://funcenterdirectory.com/listing/galaxy-games-golf/,Family Fun Centers
My-T-Putt Fun Center,,Claim this business for free.,(315)483-2483,7902 Lake Road,7902 Lake Road,,,,https://funcenterdirectory.com/listing/my-t-putt-fun-center/,Family Fun Centers
Laughlin Amusements,,Claim this business for free.,(740) 593-7778,51 Smith St.,51 Smith St.,,,,https://funcenterdirectory.com/listing/laughlin-amusements/,Family Fun Centers
Sluggers & Putters Family Fun Park,,Claim this business for free.,(330) 854-6999,333 LaFayette Drive,333 LaFayette Drive,,,,https://funcenterdirectory.com/listing/sluggers-putters-family-fun-park/,Amusement Parks
Adventure Zone Family Fun,,Claim this business for free.,(440) 466-4447,5600 Lake Road,5600 Lake Road,,,,https://funcenterdirectory.com/listing/adventure-zone-family-fun/,Family Fun Centers
Perry's Cave Family Fun Center,,Claim this business for free.,(419) 285-CAVE,979 Catawba Ave. Box 708,979 Catawba Ave. Box 708,,,,https://funcenterdirectory.com/listing/perrys-cave-family-fun-center/,Family Fun Centers
Fun Services/Dayton,,Claim this business for free.,(937) 236-6373,6060 Executive Blvd.,6060 Executive Blvd.,,,,https://funcenterdirectory.com/listing/fun-services-dayton/,Family Fun Centers
Magic Mountain Fun Center Polaris,,Claim this business for free.,(614) 840-9600,8350 Lyra Drive,8350 Lyra Drive,,,,https://funcenterdirectory.com/listing/magic-mountain-fun-center-polaris/,Family Fun Centers
Memphis Kiddie Park/Memphis Amusement Co. Inc.,,Claim this business for free.,(440) 461-9403,PMB 218 30799 Pinetree Road,PMB 218 30799 Pinetree Road,,,,https://funcenterdirectory.com/listing/memphis-kiddie-park-memphis-amusement-co-inc/,Family Fun Centers
Magic Mountain Fun Center East,,Claim this business for free.,(614) 840-9600,5890 Scarborough Blvd,5890 Scarborough Blvd,,,,https://funcenterdirectory.com/listing/magic-mountain-fun-center-east/,Family Fun Centers
Coney Island,,Claim this business for free.,(513) 232-8230,6201 Kellogg Ave.,6201 Kellogg Ave.,,,,https://funcenterdirectory.com/listing/coney-island/,Family Fun Centers
The Jump Yard Cleveland,,Claim this business for free.,440-237-8100,13700 York Rd.,13700 York Rd.,,,,https://funcenterdirectory.com/listing/the-jump-yard-cleveland/,Indoor Play Centers
Hamilton County Park District,,Claim this business for free.,(513) 521-7275,10245 Winton Road,10245 Winton Road,,,,https://funcenterdirectory.com/listing/hamilton-county-park-district/,Family Fun Centers
SportsOhio Inc.,,Claim this business for free.,(614) 791-3003,6314 Cosgray Road,6314 Cosgray Road,,,,https://funcenterdirectory.com/listing/sportsohio-inc/,Family Fun Centers
Ghostly Manor,,Claim this business for free.,(419) 626-4467,3319 Milan Road,3319 Milan Road,,,,https://funcenterdirectory.com/listing/ghostly-manor/,Family Fun Centers
Explorer Golf Inc.,,Claim this business for free.,(614) 840-9600,8350 Lyra Drive,8350 Lyra Drive,,,,https://funcenterdirectory.com/listing/explorer-golf-inc/,Family Fun Centers
Out East Family Fun,,Claim this business for free.,(631) 722-4467,P.O. Box 651,P.O. Box 651,,,,https://funcenterdirectory.com/listing/out-east-family-fun/,Family Fun Centers
South Amherst Ltd.,,Claim this business for free.,(718) 372-7099,Small Amusement Park,Small Amusement Park,,,,https://funcenterdirectory.com/listing/south-amherst-ltd/,Family Fun Centers
Fun Central,,Claim this business for free.,(845) 297-1010,1630Route 9,1630Route 9,,,,https://funcenterdirectory.com/listing/fun-central/,Family Fun Centers
Bayville Amusement Park,,Claim this business for free.,(516) 759-4218,Small Amusement Park,Small Amusement Park,,,,https://funcenterdirectory.com/listing/bayville-amusement-park/,Adventure Parks
Amapro Family Fun Center,,Claim this business for free.,(845) 866-4281,2807 Rt. 52,2807 Rt. 52,,,,https://funcenterdirectory.com/listing/amapro-family-fun-center/,Family Fun Centers
Deno's Wonder Wheel Amusement Park,,Claim this business for free.,(718) 449-8836,Small Amusement Park,Small Amusement Park,,,,https://funcenterdirectory.com/listing/denos-wonder-wheel-amusement-park/,Outdoor Attractions
The Fun Spot,,Claim this business for free.,(518) 792-8989,1035 Route 9,1035 Route 9,,,,https://funcenterdirectory.com/listing/the-fun-spot/,Family Fun Centers
Playland Park/Westchester County,,Claim this business for free.,(914) 813-7010,Small Amusement Park,Small Amusement Park,,,,https://funcenterdirectory.com/listing/playland-park-westchester-county/,Adventure Parks
Fun City Corp.,,Claim this business for free.,(646) 302-8415,32 Sycamore Ave.,32 Sycamore Ave.,,,,https://funcenterdirectory.com/listing/fun-city-corp/,Family Fun Centers
Long Island Adventureland,,Claim this business for free.,(631) 694-6868,2245 Broadhollow Road Route 110,2245 Broadhollow Road Route 110,,,,https://funcenterdirectory.com/listing/long-island-adventureland/,Amusement Parks
Avalanche Adventures,,Claim this business for free.,(518) 523-1195,194 Saranac Ave.,194 Saranac Ave.,,,,https://funcenterdirectory.com/listing/avalanche-adventures/,Adventure Parks
Harris Hill Park Inc.,,Claim this business for free.,(607) 732-1210,557 Harris Hill Road,557 Harris Hill Road,,,,https://funcenterdirectory.com/listing/harris-hill-park-inc/,Amusement Parks
Skate Time 209,,Claim this business for free.,(845) 626-0151,P.O. Box 590 5164 Route 209,P.O. Box 590 5164 Route 209,,,,https://funcenterdirectory.com/listing/skate-time-209/,Family Fun Centers
Seneca Grand Prix,,Claim this business for free.,(607) 733-0542,7 Forest Hills Drive,7 Forest Hills Drive,,,,https://funcenterdirectory.com/listing/seneca-grand-prix/,Family Fun Centers
Michaels Amusements,,Claim this business for free.,(516) 872-4861,22 E. Carpenter St.,22 E. Carpenter St.,,,,https://funcenterdirectory.com/listing/michaels-amusements/,Mobile Events & Parties
Island Amusement Ventures,,Claim this business for free.,(631) 218-9605,1180-2 Lincoln Ave.,1180-2 Lincoln Ave.,,,,https://funcenterdirectory.com/listing/island-amusement-ventures/,Family Fun Centers
Big Don's Wild River Mini Golf,,Claim this business for free.,(315) 569-8973,6505 Emilie Lane,6505 Emilie Lane,,,,https://funcenterdirectory.com/listing/big-dons-wild-river-mini-golf/,Adventure Parks
Big Apple Circus,,Claim this business for free.,(212) 268-2500,505 Eighth Ave. 19th Floor,505 Eighth Ave. 19th Floor,,,,https://funcenterdirectory.com/listing/big-apple-circus/,Circus Fairs Carnivals
Adventure Racing,,Claim this business for free.,(518) 668-2788,3494 Lake Shore Drive,3494 Lake Shore Drive,,,,https://funcenterdirectory.com/listing/adventure-racing/,Family Fun Centers
White Post Farms Party Center,,Claim this business for free.,(631) 351-9373,250 Old Country Road,250 Old Country Road,,,,https://funcenterdirectory.com/listing/white-post-farms-party-center/,Outdoor Attractions
"Jumpin Jakes, LLC",,Claim this business for free.,845-897-1744,982 Main StSuite 1,982 Main StSuite 1,,,,https://funcenterdirectory.com/listing/jumpin-jakes-llc/,Family Fun Centers
Mountain Creek Inc.,,Claim this business for free.,(973) 827-3900,200 Route 94,200 Route 94,,,,https://funcenterdirectory.com/listing/mountain-creek-inc/,Family Fun Centers
LIFE The Place to Be,,Claim this business for free.,914-591-4400,2 Lawrence Street,2 Lawrence Street,,,,https://funcenterdirectory.com/listing/life-the-place-to-be/,Family Fun Centers
Battleship New Jersey Museum,,Claim this business for free.,(856) 966-1652,"62 Battleship Place, Camden, New Jersey, USA, 8103",62 Battleship Place,Camden,Jersey,New,https://funcenterdirectory.com/listing/battleship-new-jersey-museum/,Museums
Morey's Piers,,Claim this business for free.,(609) 729-0022,Large Amusement Park,Large Amusement Park,,,,https://funcenterdirectory.com/listing/moreys-piers/,Water Parks
FunTime America,,Claim this business for free.,(732) 583-4600,111 Hwy. 35 S.,111 Hwy. 35 S.,,,,https://funcenterdirectory.com/listing/funtime-america/,Family Fun Centers
Gillian's Wonderland Amusement Park,,Claim this business for free.,6 Street & Boardwalk,,,,,,https://funcenterdirectory.com/listing/gillians-wonderland-amusement-park/,Family Fun Centers
Nickel's Midway Pier LLC,,Claim this business for free.,(609) 522-2542,P.O. Box 464 3500 Boardwalk,P.O. Box 464 3500 Boardwalk,,,,https://funcenterdirectory.com/listing/nickels-midway-pier-llc/,Family Fun Centers
Hinkle Family Fun Center,,Claim this business for free.,(505) 292-6094,12931 Indian School Road N.E.,12931 Indian School Road N.E.,,,,https://funcenterdirectory.com/listing/hinkle-family-fun-center/,Family Fun Centers
Fantasy Island Amusement Park,,Claim this business for free.,(609) 492-4000,Small Amusement Park,Small Amusement Park,,,,https://funcenterdirectory.com/listing/fantasy-island-amusement-park/,Amusement Parks
Acoma Business Enterprises,,Claim this business for free.,(505) 552-1056,P.O. Box 310,P.O. Box 310,,,,https://funcenterdirectory.com/listing/acoma-business-enterprises/,Family Fun Centers
A.P.I. Industries,,Claim this business for free.,(800) 215-1405,P.O. Box 370,P.O. Box 370,,,,https://funcenterdirectory.com/listing/a-p-i-industries/,Family Fun Centers
Tik Tocs,,Claim this business for free.,+61 2 9607 0888,9 Enterprise crt,9 Enterprise crt,,,,https://funcenterdirectory.com/listing/tik-tocs/,Family Fun Centers
Land of Make Believe,,Claim this business for free.,(908) 459-5100,352 Route 611 Box 295,352 Route 611 Box 295,,,,https://funcenterdirectory.com/listing/land-of-make-believe/,Theme Parks
Pole Position Vegas,,Claim this business for free.,702.227.7223,4175 S. Arville,4175 S. Arville,,,,https://funcenterdirectory.com/listing/pole-position-vegas/,Family Fun Centers
Playcade,,Claim this business for free.,(609) 345-8260,2629 Boardwalk,2629 Boardwalk,,,,https://funcenterdirectory.com/listing/playcade/,Family Fun Centers
Jump Start 4 U AffordAlabamale Bouncers & Jumper LLC,,Claim this business for free.,(702) 657-9032,P.O. Box 335808,P.O. Box 335808,,,,https://funcenterdirectory.com/listing/jump-start-4-u-affordalabamale-bouncers-jumper-llc/,Mobile Events & Parties
Maurice's Original Party Animals,,Claim this business for free.,(973) 762-8550,665 Mountain Drive,665 Mountain Drive,,,,https://funcenterdirectory.com/listing/maurices-original-party-animals/,Mobile Events & Parties
Bounce N Play,,Claim this business for free.,631-325-7529,15 Frowein Road,15 Frowein Road,,,,https://funcenterdirectory.com/listing/bounce-n-play/,Family Fun Centers
Greate Bay Country Club/Sports Development Inc.,,Claim this business for free.,(609) 601-8500,901 Mays Landing Road,901 Mays Landing Road,,,,https://funcenterdirectory.com/listing/greate-bay-country-club-sports-development-inc/,Outdoor Attractions
Papio Fun Park,,Claim this business for free.,(402) 592-5671,210 E. Lincoln,210 E. Lincoln,,,,https://funcenterdirectory.com/listing/papio-fun-park/,Family Fun Centers
Globe Vending Company Inc.,,Claim this business for free.,(609) 641-9525,14 W. Mulberry Ave.,14 W. Mulberry Ave.,,,,https://funcenterdirectory.com/listing/globe-vending-company-inc/,Family Fun Centers
Hilltop Fun Center,,Claim this business for free.,(603) 742-8068,145 Route 108,145 Route 108,,,,https://funcenterdirectory.com/listing/hilltop-fun-center/,Amusement Parks
Rent My Bull LLC,,Claim this business for free.,(973) 768-2693,54 Heights Road,54 Heights Road,,,,https://funcenterdirectory.com/listing/rent-my-bull-llc/,Mobile Events & Parties
Funarama Inc.,,Claim this business for free.,(603) 926-2381,P.O. Box 1932,P.O. Box 1932,,,,https://funcenterdirectory.com/listing/funarama-inc/,Family Fun Centers
Clermont,,Claim this business for free.,(609) 390-0070,1217 S. Shore Road Suite 102,1217 S. Shore Road Suite 102,,,,https://funcenterdirectory.com/listing/clermont/,Family Fun Centers
Best Western SeAlabamarook Inn,,Claim this business for free.,(603) 474-3078,P.O. Box 1209 Nine Stard Road,P.O. Box 1209 Nine Stard Road,,,,https://funcenterdirectory.com/listing/best-western-sealabamarook-inn/,Family Fun Centers
Canobie Lake Park,,Claim this business for free.,(603) 893-3506,85 N. Policy Street,85 N. Policy Street,,,,https://funcenterdirectory.com/listing/canobie-lake-park/,Amusement Parks
The Fun Factory,,Claim this business for free.,(828) 349-8888,1024 Georgia Road,1024 Georgia Road,,,,https://funcenterdirectory.com/listing/the-fun-factory/,Family Fun Centers
Weirs Beach Water Slide,,Claim this business for free.,(603) 366-5161,P.O. Box 5083,P.O. Box 5083,,,,https://funcenterdirectory.com/listing/weirs-beach-water-slide/,Family Fun Centers
Burlington Recreation & Parks Amusement Park,,Claim this business for free.,(336) 222-5030,Small Amusement Park,Small Amusement Park,,,,https://funcenterdirectory.com/listing/burlington-recreation-parks-amusement-park/,Outdoor Attractions
Unbelieva-Bills,,Claim this business for free.,201-670-6340,140 Hopper Ave,140 Hopper Ave,,,,https://funcenterdirectory.com/listing/unbelieva-bills/,Family Fun Centers
Raleigh Parks and Recreation Department,,Claim this business for free.,(919) 831-6468,Pullen Park 520 Ashe Ave.,Pullen Park 520 Ashe Ave.,,,,https://funcenterdirectory.com/listing/raleigh-parks-and-recreation-department/,Family Fun Centers
The Funplex,,Claim this business for free.,(856) 489-3295,26 Rockhill Road,26 Rockhill Road,,,,https://funcenterdirectory.com/listing/the-funplex/,Family Fun Centers
The Health Adventure,,Claim this business for free.,(828) 254-6373,2 S Pack Square,2 S Pack Square,,,,https://funcenterdirectory.com/listing/the-health-adventure/,Family Fun Centers
Powerhouse Studios,,Claim this business for free.,(201) 265-9060,49 East Midland Ave. Suite F,49 East Midland Ave. Suite F,,,,https://funcenterdirectory.com/listing/powerhouse-studios/,Mobile Events & Parties
Arbor Day Farm Tree Adventure,,Claim this business for free.,(402) 873-8704,2700 Sylvan Road,2700 Sylvan Road,,,,https://funcenterdirectory.com/listing/arbor-day-farm-tree-adventure/,Adventure Parks
Blackbeard's Cave,,Claim this business for free.,(732) 914-1896,136 Route 9,136 Route 9,,,,https://funcenterdirectory.com/listing/blackbeards-cave/,Family Fun Centers
The Amazing Pizza Machine,,Claim this business for free.,402-829-1777,"13955 """"S"""" Plaza","13955 """"S"""" Plaza",,,,https://funcenterdirectory.com/listing/the-amazing-pizza-machine/,Family Fun Centers
Camp Iliff,,Claim this business for free.,(973) 383-7231,280 Spring St.,280 Spring St.,,,,https://funcenterdirectory.com/listing/camp-iliff/,Family Fun Centers
Asheville's Fun Depot,,Claim this business for free.,(828) 277-2386,Seven Roberts Road,Seven Roberts Road,,,,https://funcenterdirectory.com/listing/ashevilles-fun-depot/,Family Fun Centers
K E A Amusement,,Claim this business for free.,(910) 862-3947,1879 White Lake Drive PMB 7126,1879 White Lake Drive PMB 7126,,,,https://funcenterdirectory.com/listing/k-e-a-amusement/,Family Fun Centers
Carousel Adventure,,Claim this business for free.,(919) 957-1300,P.O. Box 31807,P.O. Box 31807,,,,https://funcenterdirectory.com/listing/carousel-adventure/,Family Fun Centers
Exhilaration Station,,Claim this business for free.,704-435-0670,199 South Cherry Street,199 South Cherry Street,,,,https://funcenterdirectory.com/listing/exhilaration-station/,Family Fun Centers
Whistle Stop Inc.,,Claim this business for free.,(828) 369-6341,1281 Georgia Road,1281 Georgia Road,,,,https://funcenterdirectory.com/listing/whistle-stop-inc/,Family Fun Centers
SpecialFX LLC,,Claim this business for free.,(704) 896-6855,243 Overhill Drive Suite C,243 Overhill Drive Suite C,,,,https://funcenterdirectory.com/listing/specialfx-llc/,Family Fun Centers
CAPITOL Entertainment,,Claim this business for free.,(910) 868-4716,132 Great Oaks,132 Great Oaks,,,,https://funcenterdirectory.com/listing/capitol-entertainment/,Family Fun Centers
Party Town USA LLC.,,Claim this business for free.,(252) 519-2500,P.O. Box 929,P.O. Box 929,,,,https://funcenterdirectory.com/listing/party-town-usa-llc/,Family Fun Centers
Jungle Rapids/Wrightsville Farms Management Group Inc.,,Claim this business for free.,(910) 791-0666,5320 Oleander Drive,5320 Oleander Drive,,,,https://funcenterdirectory.com/listing/jungle-rapids-wrightsville-farms-management-group-inc/,Theme Parks
Kitty Hawk Kites Inc.,,Claim this business for free.,(252) 441-4124,P.O. Box 1839 Mile Post 13 158 Bypass,P.O. Box 1839 Mile Post 13 158 Bypass,,,,https://funcenterdirectory.com/listing/kitty-hawk-kites-inc/,Adventure Parks
Branson USA Amusement Park,,Claim this business for free.,(417) 335-2396,Small Amusement Park,Small Amusement Park,,,,https://funcenterdirectory.com/listing/branson-usa-amusement-park/,Theme Parks
Lighthouse Entertainment,,Claim this business for free.,(252) 438-7737,100 Parkview Drive West,100 Parkview Drive West,,,,https://funcenterdirectory.com/listing/lighthouse-entertainment/,Family Fun Centers
Metro/Gateway Arch Riverfront,,Claim this business for free.,(314) 982-1545,707 N. First St.,707 N. First St.,,,,https://funcenterdirectory.com/listing/metro-gateway-arch-riverfront/,Museums
J & F Amusements Inc.,,Claim this business for free.,(919) 258-6080,P.O. Box 1046,P.O. Box 1046,,,,https://funcenterdirectory.com/listing/j-f-amusements-inc/,Family Fun Centers
The Butterfly Palace,,Claim this business for free.,(417) 332-2231,4106 W. Highway 76,4106 W. Highway 76,,,,https://funcenterdirectory.com/listing/the-butterfly-palace/,Adventure Parks
Interskate of Clayton LLC,,Claim this business for free.,(919) 359-2252,131 Guy Road,131 Guy Road,,,,https://funcenterdirectory.com/listing/interskate-of-clayton-llc/,Family Fun Centers
Carolyn's Country Cousins,,Claim this business for free.,(816) 853-3043,17607 N.E. 52nd St.,17607 N.E. 52nd St.,,,,https://funcenterdirectory.com/listing/carolyns-country-cousins/,Family Fun Centers
Thorpe Music Co. Inc. dba Mini-Putt Indoor Golf & Games,,Claim this business for free.,(800) 433-9187,P.O. Box 28,P.O. Box 28,,,,https://funcenterdirectory.com/listing/thorpe-music-co-inc-dba-mini-putt-indoor-golf-games/,Family Fun Centers
Titanic Attraction,,Claim this business for free.,(417) 334-9500,3027 W. Hwy. 76 Suite G,3027 W. Hwy. 76 Suite G,,,,https://funcenterdirectory.com/listing/titanic-attraction/,Museums
Putt-Putt International,,Claim this business for free.,(919) 612-3257,P. O. Box 51160,P. O. Box 51160,,,,https://funcenterdirectory.com/listing/putt-putt-international/,Outdoor Attractions
Lilli-Putt,,Claim this business for free.,(763) 755-1450,18036 Palm St. N.W.,18036 Palm St. N.W.,,,,https://funcenterdirectory.com/listing/lilli-putt/,Amusement Parks
Riverview Recreation Inc.,,Claim this business for free.,(616) 963-5838,2000 E. Columbia Ave.,2000 E. Columbia Ave.,,,,https://funcenterdirectory.com/listing/riverview-recreation-inc/,Family Fun Centers
Como Town,,Claim this business for free.,(651) 487-2121,1301 Midway Pkwy.,1301 Midway Pkwy.,,,,https://funcenterdirectory.com/listing/como-town/,Amusement Parks
Active Fun Children’s Play and Party Centre,,Claim this business for free.,+632 3323929,SM North Edsa Annex3rd Floor,SM North Edsa Annex3rd Floor,,,,https://funcenterdirectory.com/listing/active-fun-childrens-play-and-party-centre/,Family Fun Centers
Rocky Gorge Miniature Golf,,Claim this business for free.,(301) 725-0888,8445 Old Columbia Road,8445 Old Columbia Road,,,,https://funcenterdirectory.com/listing/rocky-gorge-miniature-golf/,Amusement Parks
Fun Ranch Megadevelopment,,Claim this business for free.,637062887,Ortigas AvenueC5 Highway,Ortigas AvenueC5 Highway,,,,https://funcenterdirectory.com/listing/fun-ranch-megadevelopment/,Family Fun Centers
Augusta Associates LLC,,Claim this business for free.,(410) 268-6801,1610 West St. Suite 205,1610 West St. Suite 205,,,,https://funcenterdirectory.com/listing/augusta-associates-llc/,Family Fun Centers
Adventure Zone,,Claim this business for free.,517-278-9663,125 West Chicago Road,125 West Chicago Road,,,,https://funcenterdirectory.com/listing/adventure-zone/,Family Fun Centers
MARYGOLDS,,Claim this business for free.,(301) 440-1823,P.O. Box 697,P.O. Box 697,,,,https://funcenterdirectory.com/listing/marygolds/,Family Fun Centers
Midway Golf Range Inc.,,Claim this business for free.,(313) 277-9156,22381 Vanborn Road,22381 Vanborn Road,,,,https://funcenterdirectory.com/listing/midway-golf-range-inc/,Amusement Parks
Prime Time Amusements,,Claim this business for free.,(301) 855-4714,1158 Amber Way,1158 Amber Way,,,,https://funcenterdirectory.com/listing/prime-time-amusements/,Family Fun Centers
C.J. Barrymore's Sports & Entertainment,,Claim this business for free.,(586) 469-2800,21750 Hall Road,21750 Hall Road,,,,https://funcenterdirectory.com/listing/c-j-barrymores-sports-entertainment/,Theme Parks
Congo River Golf & Exploration Co.,,Claim this business for free.,(231) 941-9005,13721 S. West Bay Shore Drive Suite A,13721 S. West Bay Shore Drive Suite A,,,,https://funcenterdirectory.com/listing/congo-river-golf-exploration-co/,Outdoor Attractions
Trimpers Rides of Ocean City/Windsor Resort Inc.,,Claim this business for free.,(410) 289-8617,P.O. Box 157,P.O. Box 157,,,,https://funcenterdirectory.com/listing/trimpers-rides-of-ocean-city-windsor-resort-inc/,Amusement Parks
Jolly Roger Park/Bayshore Development Corp.,,Claim this business for free.,(410) 289-3477,P.O. Box 572 2901 Coastal Hwy.,P.O. Box 572 2901 Coastal Hwy.,,,,https://funcenterdirectory.com/listing/jolly-roger-park-bayshore-development-corp/,Amusement Parks
Adventure Park USA,,Claim this business for free.,301-865-6800,11113 West Baldwin Road,11113 West Baldwin Road,,,,https://funcenterdirectory.com/listing/adventure-park-usa/,Amusement Parks
Burnham Enterprises,,Claim this business for free.,(207) 363-4622,Short Sands Box 1089,Short Sands Box 1089,,,,https://funcenterdirectory.com/listing/burnham-enterprises/,Family Fun Centers
Smiley's Fun Zone,,Claim this business for free.,(301) 387-0059,72 Fort Drive,72 Fort Drive,,,,https://funcenterdirectory.com/listing/smileys-fun-zone/,Family Fun Centers
Funtown Splashtown U.S.A.,,Claim this business for free.,(207) 284-5139,US Route 1,US Route 1,,,,https://funcenterdirectory.com/listing/funtown-splashtown-u-s-a/,Family Fun Centers
Viking Golf Theme Park,,Claim this business for free.,(302) 539-1644,11004 Trappe Creek Road,11004 Trappe Creek Road,,,,https://funcenterdirectory.com/listing/viking-golf-theme-park/,Theme Parks
White's Family Fun & Sports Center Inc.,,Claim this business for free.,(508) 998-5666,211 Middle Road,211 Middle Road,,,,https://funcenterdirectory.com/listing/whites-family-fun-sports-center-inc/,Family Fun Centers
Cape Gift & Golf Inc.,,Claim this business for free.,(508) 240-1791,15 Canal Road,15 Canal Road,,,,https://funcenterdirectory.com/listing/cape-gift-golf-inc/,Family Fun Centers
Cedarland Family Fun Center,,Claim this business for free.,(978) 373-1596,931 Boston Road,931 Boston Road,,,,https://funcenterdirectory.com/listing/cedarland-family-fun-center/,Amusement Parks
Good Time Emporium,,Claim this business for free.,(617) 628-5559,30 Assembly Square Drive,30 Assembly Square Drive,,,,https://funcenterdirectory.com/listing/good-time-emporium/,Family Fun Centers
Fun World,,Claim this business for free.,(603) 888-8735,119 Moody St.,119 Moody St.,,,,https://funcenterdirectory.com/listing/fun-world/,Family Fun Centers
Dream Machine Inc.,,Claim this business for free.,(617) 542-2298,99 Chauncy St.,99 Chauncy St.,,,,https://funcenterdirectory.com/listing/dream-machine-inc/,Family Fun Centers
Baker's Golf Center,,Claim this business for free.,(413) 443-6102,658 S. Main St.,658 S. Main St.,,,,https://funcenterdirectory.com/listing/bakers-golf-center/,Outdoor Attractions
S & T Amusement Co. Inc.,,Claim this business for free.,(508) 832-0797,389 W. Main St.,389 W. Main St.,,,,https://funcenterdirectory.com/listing/s-t-amusement-co-inc/,Family Fun Centers
Seekonk Grand Prix,,Claim this business for free.,(508) 336-8307,1098 Fall River Ave.,1098 Fall River Ave.,,,,https://funcenterdirectory.com/listing/seekonk-grand-prix/,Amusement Parks
Campbell Enterprises Inc.,,Claim this business for free.,(978) 745-8713,Small Amusement Park,Small Amusement Park,,,,https://funcenterdirectory.com/listing/campbell-enterprises-inc/,Family Fun Centers
Ryan Amusement Co. Inc.,,Claim this business for free.,(508) 759-5464,116 Waterhouse Road,116 Waterhouse Road,,,,https://funcenterdirectory.com/listing/ryan-amusement-co-inc/,Family Fun Centers
Boston Dialogue Foundation,,Claim this business for free.,(617) 953-6601,500 Revere St.,500 Revere St.,,,,https://funcenterdirectory.com/listing/boston-dialogue-foundation/,Family Fun Centers
Code Realty,,Claim this business for free.,(978) 807-5520,52 Ships Eagle Lane,52 Ships Eagle Lane,,,,https://funcenterdirectory.com/listing/code-realty/,Family Fun Centers
Kid Stuff,,Claim this business for free.,413-782-0057,1504 Allen StBicentennial Plaza,1504 Allen StBicentennial Plaza,,,,https://funcenterdirectory.com/listing/kid-stuff/,Family Fun Centers
Captain's Cornee Mini Golf,,Claim this business for free.,(978) 465-5700,73 and 75 Main St.,73 and 75 Main St.,,,,https://funcenterdirectory.com/listing/captains-cornee-mini-golf/,Outdoor Attractions
Family Recreation Park,,Claim this business for free.,(301) 733-2333,21036 National,21036 National,,,,https://funcenterdirectory.com/listing/family-recreation-park/,Family Fun Centers
Roller World Inc.,,Claim this business for free.,(781) 231-1111,425 Broadway,425 Broadway,,,,https://funcenterdirectory.com/listing/roller-world-inc/,Family Fun Centers
Carousel Family Fun Center/R.C. Conway Enterprises Inc.,,Claim this business for free.,(508) 996-4828,Four David Drown Blvd.,Four David Drown Blvd.,,,,https://funcenterdirectory.com/listing/carousel-family-fun-center-r-c-conway-enterprises-inc/,Family Fun Centers
Interskate 91,,Claim this business for free.,(413) 543-4664,2043 Boston Road,2043 Boston Road,,,,https://funcenterdirectory.com/listing/interskate-91/,Family Fun Centers
Bass River Sports World/Skull Island Adventure Golf,,Claim this business for free.,(508) 760-3572,P.O. Box 183,P.O. Box 183,,,,https://funcenterdirectory.com/listing/bass-river-sports-world-skull-island-adventure-golf/,Amusement Parks
Kart Kountry,,Claim this business for free.,(502) 543-9588,P.O. Box 802 Paroquet Springs,P.O. Box 802 Paroquet Springs,,,,https://funcenterdirectory.com/listing/kart-kountry/,Adventure Parks
The Wright Group,,Claim this business for free.,(219) 926-4454,1073 N. 400 E.,1073 N. 400 E.,,,,https://funcenterdirectory.com/listing/the-wright-group/,Family Fun Centers
Beech Bend Park,,Claim this business for free.,(270) 781-7634,Small Amusement Park,Small Amusement Park,,,,https://funcenterdirectory.com/listing/beech-bend-park/,Family Fun Centers
Plainfield Parks & Recreation,,Claim this business for free.,(317) 839-7665,651 Vestal Road,651 Vestal Road,,,,https://funcenterdirectory.com/listing/plainfield-parks-recreation/,Family Fun Centers
Excalibur Family Entertainment Center,,Claim this business for free.,(318) 355-9159,723 Ritter Road,723 Ritter Road,,,,https://funcenterdirectory.com/listing/excalibur-family-entertainment-center/,Amusement Parks
Fun Spot Amusement Park & Zoo,,Claim this business for free.,(260) 833-2972,P.O. Box 704,P.O. Box 704,,,,https://funcenterdirectory.com/listing/fun-spot-amusement-park-zoo/,Adventure Parks
Laser Tag Extreme,,Claim this business for free.,(504) 416-5880,26 Bocage Drive,26 Bocage Drive,,,,https://funcenterdirectory.com/listing/laser-tag-extreme/,Family Fun Centers
Indiana Beach Inc.,,Claim this business for free.,(574) 583-4141,5224 E. Indiana Beach Road,5224 E. Indiana Beach Road,,,,https://funcenterdirectory.com/listing/indiana-beach-inc/,Adventure Parks
Kart Ranch Inc.,,Claim this business for free.,(337) 837-5278,P.O. Box 80601,P.O. Box 80601,,,,https://funcenterdirectory.com/listing/kart-ranch-inc/,Amusement Parks
The Haunted Castle,,Claim this business for free.,(260) 489-1763,8965 Auburn Road,8965 Auburn Road,,,,https://funcenterdirectory.com/listing/the-haunted-castle/,Haunted Attractions
Party Central Family Fun Center,,Claim this business for free.,(318) 742-7529,4401 Viking Drive,4401 Viking Drive,,,,https://funcenterdirectory.com/listing/party-central-family-fun-center/,Amusement Parks
All Star Sports,,Claim this business for free.,(316) 522-5100,2060 E. Tulsa,2060 E. Tulsa,,,,https://funcenterdirectory.com/listing/all-star-sports/,Amusement Parks
Midnight Productions LLC,,Claim this business for free.,(318) 709-1195,P.O. Box 935,P.O. Box 935,,,,https://funcenterdirectory.com/listing/midnight-productions-llc/,Family Fun Centers
Wild West World Inc.,,Claim this business for free.,(316) 425-7000,15231 SW Parallel St,15231 SW Parallel St,,,,https://funcenterdirectory.com/listing/wild-west-world-inc/,Family Fun Centers
Six Flags New Orleans,,Claim this business for free.,(504) 253-8100,Large Amusement Park,Large Amusement Park,,,,https://funcenterdirectory.com/listing/six-flags-new-orleans/,Family Fun Centers
Starway Fun Park,,Claim this business for free.,(502) 227-1864,3350 Louisville Road,3350 Louisville Road,,,,https://funcenterdirectory.com/listing/starway-fun-park/,Family Fun Centers
Funway USA,,Claim this business for free.,(508) 668-2000,Two Washington St.,Two Washington St.,,,,https://funcenterdirectory.com/listing/funway-usa/,Family Fun Centers
Mini Indy Go Karts & Family Fun Center Inc.,,Claim this business for free.,(270) 343-5533,P.O. Box 110 2367 Hwy. 127,P.O. Box 110 2367 Hwy. 127,,,,https://funcenterdirectory.com/listing/mini-indy-go-karts-family-fun-center-inc/,Family Fun Centers
Six Flags New England,,Claim this business for free.,(413) 786-9300,Route 159,Route 159,,,,https://funcenterdirectory.com/listing/six-flags-new-england/,Theme Parks
Gear To Go,,Claim this business for free.,(270) 798-3919,5658 Tennessee Ave,5658 Tennessee Ave,,,,https://funcenterdirectory.com/listing/gear-to-go/,Family Fun Centers
Glow Zone Fun Center,,Claim this business for free.,(815) 229-2203,3719 Kentucky Drive,3719 Kentucky Drive,,,,https://funcenterdirectory.com/listing/glow-zone-fun-center/,Family Fun Centers
Nauvoo Adventure Zone,,Claim this business for free.,(319) 795-5903,P.O. Box 446,P.O. Box 446,,,,https://funcenterdirectory.com/listing/nauvoo-adventure-zone/,Family Fun Centers
Fun Factory Inc.,,Claim this business for free.,808-682-5767,91-246 Oihana Street,91-246 Oihana Street,,,,https://funcenterdirectory.com/listing/fun-factory-inc/,Family Fun Centers
The People's Choice Family Fun Center,,Claim this business for free.,(847) 360-8000,2411 Grand,2411 Grand,,,,https://funcenterdirectory.com/listing/the-peoples-choice-family-fun-center/,Family Fun Centers
Polynesian Cultural Center,,Claim this business for free.,(808) 293-3005,55-370 Kamehameha Hwy.,55-370 Kamehameha Hwy.,,,,https://funcenterdirectory.com/listing/polynesian-cultural-center/,Outdoor Attractions
Haunted Trails Amusement Parks,,Claim this business for free.,(708) 598-3555,7759 S. Harlem Ave.,7759 S. Harlem Ave.,,,,https://funcenterdirectory.com/listing/haunted-trails-amusement-parks/,Amusement Parks
Atlantis Adventures LLC,,Claim this business for free.,(808) 973-9800,1600 Kapiolani Blvd. Suite 1630,1600 Kapiolani Blvd. Suite 1630,,,,https://funcenterdirectory.com/listing/atlantis-adventures-llc/,Outdoor Attractions
River View Miniature Golf Course,,Claim this business for free.,(630) 513-6200,Eight North Ave.,Eight North Ave.,,,,https://funcenterdirectory.com/listing/river-view-miniature-golf-course/,Outdoor Attractions
USS Missouri Memorial Association Inc.,,Claim this business for free.,(808) 423-2263,P.O. Box 879,P.O. Box 879,,,,https://funcenterdirectory.com/listing/uss-missouri-memorial-association-inc/,Museums
James McHugh Construction,,Claim this business for free.,(312) 286-5743,1737 S. Michigan Ave.,1737 S. Michigan Ave.,,,,https://funcenterdirectory.com/listing/james-mchugh-construction/,Family Fun Centers
Wahooz Family Fun Zone,,Claim this business for free.,208-898-0900,1385 Blue Marlin Lane,1385 Blue Marlin Lane,,,,https://funcenterdirectory.com/listing/wahooz-family-fun-zone/,Amusement Parks
Sterling Bay Companies,,Claim this business for free.,(312) 855-2200,325 N. Wells #1000,325 N. Wells #1000,,,,https://funcenterdirectory.com/listing/sterling-bay-companies/,Family Fun Centers
Boondocks Fun Center,,Claim this business for free.,(208) 898-0800,P.O. Box 1030,P.O. Box 1030,,,,https://funcenterdirectory.com/listing/boondocks-fun-center/,Amusement Parks
Navy Pier,,Claim this business for free.,(312) 595-7137,600 E. Grand Ave.,600 E. Grand Ave.,,,,https://funcenterdirectory.com/listing/navy-pier/,Outdoor Attractions
Yellowstone Bear World,,Claim this business for free.,(208) 359-9688,P.O. Box 160,P.O. Box 160,,,,https://funcenterdirectory.com/listing/yellowstone-bear-world/,Adventure Parks
RJ DJ And Party Service,,Claim this business for free.,(708) 825-3565,P.O. Box 469,P.O. Box 469,,,,https://funcenterdirectory.com/listing/rj-dj-and-party-service/,Family Fun Centers
Rink Side Family Entertainment Center,,Claim this business for free.,847-856-1064,6152 W. Grand Avenue,6152 W. Grand Avenue,,,,https://funcenterdirectory.com/listing/rink-side-family-entertainment-center/,Family Fun Centers
Snapperz Family Fun & Sport,,Claim this business for free.,317-823-4327,6002 Sunnyside Road,6002 Sunnyside Road,,,,https://funcenterdirectory.com/listing/snapperz-family-fun-sport/,Family Fun Centers
Knight's Action Park and Caribbean Water Adventure,,Claim this business for free.,(217) 546-8881,1700 Recreation Drive,1700 Recreation Drive,,,,https://funcenterdirectory.com/listing/knights-action-park-and-caribbean-water-adventure/,Amusement Parks
North Range Inc.,,Claim this business for free.,(812) 464-4473,2301 N. 1st Ave.,2301 N. 1st Ave.,,,,https://funcenterdirectory.com/listing/north-range-inc/,Family Fun Centers
McNair Amusements,,Claim this business for free.,(770) 466-9085,4055 Pointer Road,4055 Pointer Road,,,,https://funcenterdirectory.com/listing/mcnair-amusements/,Circus Fairs Carnivals
Pinstrikes Family Entertainment Center,,Claim this business for free.,770-302-0786,3478 Mt. Zion Rd,3478 Mt. Zion Rd,,,,https://funcenterdirectory.com/listing/pinstrikes-family-entertainment-center/,Family Fun Centers
Georgia Agrirama,,Claim this business for free.,(229) 386-3344,P.O. Box Q,P.O. Box Q,,,,https://funcenterdirectory.com/listing/georgia-agrirama/,Family Fun Centers
Wild Adventures,,Claim this business for free.,(229) 219-7080,Large Amusement Park,Large Amusement Park,,,,https://funcenterdirectory.com/listing/wild-adventures/,Theme Parks
JumpZone,,Claim this business for free.,(877) 297-5489,"P.O. Box 1142, Suwanee, Georgia, USA, 30024-0966",P.O. Box 1142,Suwanee,,Georgia,https://funcenterdirectory.com/listing/jumpzone/,Indoor Play Centers
Haunting Dreams Inc.,,Claim this business for free.,(407) 259-9336,2203 Kentucky Derby Drive,2203 Kentucky Derby Drive,,,,https://funcenterdirectory.com/listing/haunting-dreams-inc/,Family Fun Centers
Zoobee's F.E.C.,,Claim this business for free.,(678) 456-6905,5075 Elrod Circle,5075 Elrod Circle,,,,https://funcenterdirectory.com/listing/zoobees-f-e-c/,Family Fun Centers
Sport Party,,Claim this business for free.,(507) 230-6803,PMB PTY 2359 3537 N.W. 82nd Ave.,PMB PTY 2359 3537 N.W. 82nd Ave.,,,,https://funcenterdirectory.com/listing/sport-party/,Family Fun Centers
Retro Funpark,,Claim this business for free.,(404) 606-2474,105 Belmont Circle,105 Belmont Circle,,,,https://funcenterdirectory.com/listing/retro-funpark/,Family Fun Centers
Parrot Jungle Island,,Claim this business for free.,305-400-7201,1111 Parrot Jungle Trail,1111 Parrot Jungle Trail,,,,https://funcenterdirectory.com/listing/parrot-jungle-island/,Outdoor Attractions
Andretti Indoor Karting & Games,,Claim this business for free.,(770) 992-5688,11000 Alpharetta Hwy.,11000 Alpharetta Hwy.,,,,https://funcenterdirectory.com/listing/andretti-indoor-karting-games/,Family Fun Centers
Island Carousel Inc.,,Claim this business for free.,(239) 389-0945,1377 N. Collier Blvd.,1377 N. Collier Blvd.,,,,https://funcenterdirectory.com/listing/island-carousel-inc/,Family Fun Centers
Fun Town of Henry County,,Claim this business for free.,(770) 898-4272,300 Hwy. 155,300 Hwy. 155,,,,https://funcenterdirectory.com/listing/fun-town-of-henry-county/,Family Fun Centers
Odyssey Marine Exploration,,Claim this business for free.,(813) 876-1776,5215 W. Laurel St. Suite 210,5215 W. Laurel St. Suite 210,,,,https://funcenterdirectory.com/listing/odyssey-marine-exploration/,Family Fun Centers
Netherworld Haunted Attractions,,Claim this business for free.,(404) 325-4140,2505 Cove Circle,2505 Cove Circle,,,,https://funcenterdirectory.com/listing/netherworld-haunted-attractions/,Haunted Attractions
Wordspring Discovery Center,,Claim this business for free.,(407) 852-3600,11221 John Wycliffe Blvd.,11221 John Wycliffe Blvd.,,,,https://funcenterdirectory.com/listing/wordspring-discovery-center/,Family Fun Centers
Rock City Gardens,,Claim this business for free.,(706) 820-2531,1400 Patten Road,1400 Patten Road,,,,https://funcenterdirectory.com/listing/rock-city-gardens/,Outdoor Attractions
Florida Keys History of Diving Museum,,Claim this business for free.,(305) 664-2784,P.O. Box 897,P.O. Box 897,,,,https://funcenterdirectory.com/listing/florida-keys-history-of-diving-museum/,Family Fun Centers
Universoul Circus,,Claim this business for free.,(404) 588-1235,510 Whitehall St.,510 Whitehall St.,,,,https://funcenterdirectory.com/listing/universoul-circus/,Family Fun Centers
Ripley Entertainment Inc.,,Claim this business for free.,(407) 345-8010,7576 Kingspointe Pkwy. Suite 188,7576 Kingspointe Pkwy. Suite 188,,,,https://funcenterdirectory.com/listing/ripley-entertainment-inc/,Amusement Parks
Happy Days Enterprises Inc.,,Claim this business for free.,(407) 397-1980,5770 W. Irlo Bronson Memorial Hwy.,5770 W. Irlo Bronson Memorial Hwy.,,,,https://funcenterdirectory.com/listing/happy-days-enterprises-inc/,Family Fun Centers
Andretti Thrill Park Inc.,,Claim this business for free.,(321) 956-6706,3960 BAlabamacock St.,3960 BAlabamacock St.,,,,https://funcenterdirectory.com/listing/andretti-thrill-park-inc/,Family Fun Centers
Royal Hanneford Circus,,Claim this business for free.,(941) 922-4358,2250 Gulf Gate Drive Suite C,2250 Gulf Gate Drive Suite C,,,,https://funcenterdirectory.com/listing/royal-hanneford-circus/,Family Fun Centers
Emerald Falls Inc.,,Claim this business for free.,(850) 233-1509,8602 Thomas Drive,8602 Thomas Drive,,,,https://funcenterdirectory.com/listing/emerald-falls-inc/,Amusement Parks
Pier 60,,Claim this business for free.,(727) 430-5090,10 Pier 60 Drive,10 Pier 60 Drive,,,,https://funcenterdirectory.com/listing/pier-60/,Outdoor Attractions
Valleyfair,,Claim this business for free.,(904) 246-4555,2315 Beach Blvd. Suite 203,2315 Beach Blvd. Suite 203,,,,https://funcenterdirectory.com/listing/valleyfair/,Theme Parks
Superplay USA,,Claim this business for free.,(561) 776-4747,11380 Prosperity Farms Road #101,11380 Prosperity Farms Road #101,,,,https://funcenterdirectory.com/listing/superplay-usa/,Family Fun Centers
Gameland of Florida Inc.,,Claim this business for free.,(352) 799-6242,3297 Princeton Road,3297 Princeton Road,,,,https://funcenterdirectory.com/listing/gameland-of-florida-inc/,Family Fun Centers
Forum Networking Events Inc.,,Claim this business for free.,(941) 412-0440,169 Portofino Drive,169 Portofino Drive,,,,https://funcenterdirectory.com/listing/forum-networking-events-inc/,Family Fun Centers
Adventure Landing Family Fun Center,,Claim this business for free.,(904) 246-4555,2315 Beach Blvd. #203,2315 Beach Blvd. #203,,,,https://funcenterdirectory.com/listing/adventure-landing-family-fun-center/,Amusement Parks
Royal Fun Time Inc.,,Claim this business for free.,(407) 390-0906,Small Amusement Park,Small Amusement Park,,,,https://funcenterdirectory.com/listing/royal-fun-time-inc/,Family Fun Centers
IPic Entertainment,,Claim this business for free.,(954) 438-5700,2400 E. Commercial Blvd.,2400 E. Commercial Blvd.,,,,https://funcenterdirectory.com/listing/ipic-entertainment/,Family Fun Centers
Kidis Land L.L.C.,,Claim this business for free.,(407) 758-0126,13207 Chattanoga Lane,13207 Chattanoga Lane,,,,https://funcenterdirectory.com/listing/kidis-land-l-l-c/,Family Fun Centers
HRP Myrtle Beach Operations,,Claim this business for free.,(407) 418-4300,200 E. Robinson St. Suite 510,200 E. Robinson St. Suite 510,,,,https://funcenterdirectory.com/listing/hrp-myrtle-beach-operations/,Family Fun Centers
GIA Development International Inc.,,Claim this business for free.,(407) 324-1178,P.O. Box 543,P.O. Box 543,,,,https://funcenterdirectory.com/listing/gia-development-international-inc/,Family Fun Centers
Fantasy of Flight,,Claim this business for free.,(863) 984-3500,1400 Broadway Blvd. S.E.,1400 Broadway Blvd. S.E.,,,,https://funcenterdirectory.com/listing/fantasy-of-flight/,Science Centers & Edutainment
Kennedy Space Center,,Claim this business for free.,(321) 449-4444,DNPS,DNPS,,,,https://funcenterdirectory.com/listing/kennedy-space-center/,Science Centers & Edutainment
WonderWorks,,Claim this business for free.,(407) 351-8800,9067 International Drive,9067 International Drive,,,,https://funcenterdirectory.com/listing/wonderworks/,Amusement Parks
Old Town Trolley Tours of Key West,,Claim this business for free.,(305) 296-6688,122 Simonton St.,122 Simonton St.,,,,https://funcenterdirectory.com/listing/old-town-trolley-tours-of-key-west/,Outdoor Attractions
Fun Depot,,Claim this business for free.,(561) 547-0817,2001 Tenth Ave. N.,2001 Tenth Ave. N.,,,,https://funcenterdirectory.com/listing/fun-depot/,Family Fun Centers
Blue Diamond Park,,Claim this business for free.,(302) 832-2999,765 Hamburg Road,765 Hamburg Road,,,,https://funcenterdirectory.com/listing/blue-diamond-park/,Family Fun Centers
Blue Diamond Sports Action Park,,Claim this business for free.,(302) 658-5241,4048 New Castle Ave.,4048 New Castle Ave.,,,,https://funcenterdirectory.com/listing/blue-diamond-sports-action-park/,Family Fun Centers
Glenwood Caverns Adventure Park,,Claim this business for free.,(970) 945-4882,51000 Two Rivers Plaza Road,51000 Two Rivers Plaza Road,,,,https://funcenterdirectory.com/listing/glenwood-caverns-adventure-park/,Theme Parks
Funland Amusements Inc.,,Claim this business for free.,(302) 227-2785,Six Delaware Ave.,Six Delaware Ave.,,,,https://funcenterdirectory.com/listing/funland-amusements-inc/,Family Fun Centers
Royal Gorge Bridge & Park/Royal Gorge Co. of Colorado,,Claim this business for free.,(719) 275-7507,P.O. Box 549,P.O. Box 549,,,,https://funcenterdirectory.com/listing/royal-gorge-bridge-park-royal-gorge-co-of-colorado/,Outdoor Attractions
Jungle Jim's Adventure World,,Claim this business for free.,(302) 227-8444,Eight Country Club Road,Eight Country Club Road,,,,https://funcenterdirectory.com/listing/jungle-jims-adventure-world/,Family Fun Centers
Broadmoor Seven Falls,,Claim this business for free.,(719) 632-0752,2850 S. Cheyenne Canyon Road,2850 S. Cheyenne Canyon Road,,,,https://funcenterdirectory.com/listing/broadmoor-seven-falls/,Outdoor Attractions
Elitch Gardens,,Claim this business for free.,(303) 595-4386,299 Walnut St.,299 Walnut St.,,,,https://funcenterdirectory.com/listing/elitch-gardens/,Amusement Parks
Fun Station,,Claim this business for free.,850 383 0789,2821 Sharer Rd,2821 Sharer Rd,,,,https://funcenterdirectory.com/listing/fun-station/,Family Fun Centers
Gillian's Wonderland Pier,,Claim this business for free.,(850) 837-3295,1125 Hwy. 98 E.,1125 Hwy. 98 E.,,,,https://funcenterdirectory.com/listing/gillians-wonderland-pier/,Amusement Parks
Nomads Adventure Quest,,Claim this business for free.,(860) 290-1177,100 Bidwell Road,100 Bidwell Road,,,,https://funcenterdirectory.com/listing/nomads-adventure-quest/,Amusement Parks
Coconut Creek Mini Golf & Gran Maze,,Claim this business for free.,(850) 234-2625,9807 Front Beach Road,9807 Front Beach Road,,,,https://funcenterdirectory.com/listing/coconut-creek-mini-golf-gran-maze/,Amusement Parks
Ocean Beach Park,,Claim this business for free.,(860) 447-3031,1225 Ocean Ave.,1225 Ocean Ave.,,,,https://funcenterdirectory.com/listing/ocean-beach-park/,Water Parks
Stop-N-Play,,Claim this business for free.,(727) 862-6666,10933 US Highway 19 N,10933 US Highway 19 N,,,,https://funcenterdirectory.com/listing/stop-n-play/,Family Fun Centers
Quassy Amusement Park,,Claim this business for free.,(203) 758-2913,132 Middlebury Road,132 Middlebury Road,,,,https://funcenterdirectory.com/listing/quassy-amusement-park/,Amusement Parks
Fast Eddies Fun Center,,Claim this business for free.,(850) 433-7735,505 Michigan Ave.,505 Michigan Ave.,,,,https://funcenterdirectory.com/listing/fast-eddies-fun-center/,Amusement Parks
Funland Seaside Amusements,,Claim this business for free.,555-321-1234,None Given,None Given,,,,https://funcenterdirectory.com/listing/funland-seaside-amusements/,Amusement Parks
Sam's Fun City,,Claim this business for free.,(850) 505-0800,6709 Pensacola Blvd.,6709 Pensacola Blvd.,,,,https://funcenterdirectory.com/listing/sams-fun-city/,Water Parks
Mid County Lanes,,Claim this business for free.,(302) 378-0677,875 N. Broad St,875 N. Broad St,,,,https://funcenterdirectory.com/listing/mid-county-lanes/,Family Fun Centers
Fun Spot Action Park,,Claim this business for free.,(407) 363-3867,5551 Del Verde Way,5551 Del Verde Way,,,,https://funcenterdirectory.com/listing/fun-spot-action-park/,Amusement Parks
Denver Zoo,,Claim this business for free.,(303) 376-4800,2300 Steele Street,2300 Steele Street,,,,https://funcenterdirectory.com/listing/denver-zoo/,Outdoor Attractions
California Science Center,,Claim this business for free.,(213) 744-2135,700 State Drive,700 State Drive,,,,https://funcenterdirectory.com/listing/california-science-center/,Science Centers & Edutainment
Ronald Singer DDS/Molar Manor,,Claim this business for free.,(661) 259-6142,25880 Tournament Road Suite 216,25880 Tournament Road Suite 216,,,,https://funcenterdirectory.com/listing/ronald-singer-dds-molar-manor/,Family Fun Centers
Fort Fun,,Claim this business for free.,(970) 472-8000,1513 E. Mulberry,1513 E. Mulberry,,,,https://funcenterdirectory.com/listing/fort-fun/,Family Fun Centers
Las Vegas Valley Water District,,Claim this business for free.,(209) 343-1900,1304 W. Roseburg Ave.,1304 W. Roseburg Ave.,,,,https://funcenterdirectory.com/listing/las-vegas-valley-water-district/,Family Fun Centers
Estes Fun Park Colorado,,Claim this business for free.,970-586-6495,2250 Big Thompson Hwy.,2250 Big Thompson Hwy.,,,,https://funcenterdirectory.com/listing/estes-fun-park-colorado/,Family Fun Centers
The Tech Museum of Innovation California,,Claim this business for free.,(408) 795-6191,201 South Market Street,201 South Market Street,,,,https://funcenterdirectory.com/listing/the-tech-museum-of-innovation-california/,Science Centers & Edutainment
California Academy of Sciences,,Claim this business for free.,(415) 321-8000,875 Howard St.,875 Howard St.,,,,https://funcenterdirectory.com/listing/california-academy-of-sciences/,Science Centers & Edutainment
Bonfante Gardens Family Theme Park,,Claim this business for free.,(408) 840-7100,3050 Hecker Pass Hwy,3050 Hecker Pass Hwy,,,,https://funcenterdirectory.com/listing/bonfante-gardens-family-theme-park/,Science Centers & Edutainment
Disneyland Resort,,Claim this business for free.,(714) 781-4000,Large Amusement Park,Large Amusement Park,,,,https://funcenterdirectory.com/listing/disneyland-resort/,Theme Parks
Hyland Hills Water World,,Claim this business for free.,(303) 428-7488,1800 W. 89th Ave.,1800 W. 89th Ave.,,,,https://funcenterdirectory.com/listing/hyland-hills-water-world/,Water Parks
Lakeside Amusement Park,,Claim this business for free.,(303) 477-1621,4601 Sheridan Blvd.,4601 Sheridan Blvd.,,,,https://funcenterdirectory.com/listing/lakeside-amusement-park/,Family Fun Centers
Mercer Caverns Santa Cruz California,,Claim this business for free.,(831) 429-9500,74 River St. Suite 209,74 River St. Suite 209,,,,https://funcenterdirectory.com/listing/mercer-caverns-santa-cruz-california/,Family Fun Centers
Knott's Berry Farm,,Claim this business for free.,(714) 827-1776,Large Amusement Park,Large Amusement Park,,,,https://funcenterdirectory.com/listing/knotts-berry-farm/,Theme Parks
The Amusement Park at Heritage Square,,Claim this business for free.,(303) 871-1954,518 S. Williams St.,518 S. Williams St.,,,,https://funcenterdirectory.com/listing/the-amusement-park-at-heritage-square/,Family Fun Centers
Squaw Valley Adventure Center,,Claim this business for free.,(530) 583-7673,P.O. Box 6687,P.O. Box 6687,,,,https://funcenterdirectory.com/listing/squaw-valley-adventure-center/,Outdoor Attractions
Bellmont Theme Park San Diego California,,Claim this business for free.,(858) 488-1549,3146 Mission Blvd,3146 Mission Blvd,,,,https://funcenterdirectory.com/listing/bellmont-theme-park-san-diego-california/,Family Fun Centers
Santa's Workshop,,Claim this business for free.,(719) 684-9432,5050 Pikes Peak Hwy.,5050 Pikes Peak Hwy.,,,,https://funcenterdirectory.com/listing/santas-workshop/,Amusement Parks
Ventura County Fair,,Claim this business for free.,(805) 648-3376 x110,Ten W. Harbor Blvd.,Ten W. Harbor Blvd.,,,,https://funcenterdirectory.com/listing/ventura-county-fair/,Family Fun Centers
Pole Position Indoor Race Karting Califronia,,Claim this business for free.,951-817-5032,1594 Bentley Dr.,1594 Bentley Dr.,,,,https://funcenterdirectory.com/listing/pole-position-indoor-race-karting-califronia/,Family Fun Centers
Explosion,,Claim this business for free.,(858) 518-1262,Small Amusement Park,Small Amusement Park,,,,https://funcenterdirectory.com/listing/explosion/,Family Fun Centers
Palace Entertainment,,Claim this business for free.,555-123-4567,"Front Street, San Dimas, California, USA, 90210",Front Street,San Dimas,,California,https://funcenterdirectory.com/listing/palace-entertainment/,Theme Parks
Gold Stone Park,,Claim this business for free.,(559) 568-2808,356 N. Porter Road PMB # 315,356 N. Porter Road PMB # 315,,,,https://funcenterdirectory.com/listing/gold-stone-park/,Family Fun Centers
Malibu Castle,,Claim this business for free.,(310) 643-5168,2410 Marine Ave.,2410 Marine Ave.,,,,https://funcenterdirectory.com/listing/malibu-castle/,Family Fun Centers
Santa Cruz Beach Boardwalk California USA,,Claim this business for free.,(831) 423-5590,400 Beach St.,400 Beach St.,,,,https://funcenterdirectory.com/listing/santa-cruz-beach-boardwalk-california-usa/,Amusement Parks
Balboa Fun Zone,,Claim this business for free.,(949) 673-0408,600 E. Bay Ave.,600 E. Bay Ave.,,,,https://funcenterdirectory.com/listing/balboa-fun-zone/,Amusement Parks
Uesugi Farms,,Claim this business for free.,(408) 691-8143,231 Esplanade # 300,231 Esplanade # 300,,,,https://funcenterdirectory.com/listing/uesugi-farms/,Family Fun Centers
Belmont Park & Giant Dipper,,Claim this business for free.,858) 488-1549,3190 Mission Blvd.,3190 Mission Blvd.,,,,https://funcenterdirectory.com/listing/belmont-park-giant-dipper/,Family Fun Centers
Kid Concepts USA,,Claim this business for free.,(310) 465-0075,22844 Hawthorne Boulvevard,22844 Hawthorne Boulvevard,,,,https://funcenterdirectory.com/listing/kid-concepts-usa/,Family Fun Centers
Boomers of Santa Maria,,Claim this business for free.,(805) 928-4942,2250 N. Preisker Lane,2250 N. Preisker Lane,,,,https://funcenterdirectory.com/listing/boomers-of-santa-maria/,Amusement Parks
"Oakland Children's Fairyland, Inc.",,Claim this business for free.,(510) 452-2259,699 Bellevue Avenue,699 Bellevue Avenue,,,,https://funcenterdirectory.com/listing/oakland-childrens-fairyland-inc/,Family Fun Centers
Funderland Inc.,,Claim this business for free.,(916) 456-0115,Small Amusement Park,Small Amusement Park,,,,https://funcenterdirectory.com/listing/funderland-inc/,Amusement Parks
"Bounceopolis, Inc.",,Claim this business for free.,(916)933-9493,5041 Robert J. Matthews Pkwy,5041 Robert J. Matthews Pkwy,,,,https://funcenterdirectory.com/listing/bounceopolis-inc/,Family Fun Centers
Bishop's Pumpkin Farm Inc.,,Claim this business for free.,(530) 633-2568,Small Amusement Park,Small Amusement Park,,,,https://funcenterdirectory.com/listing/bishops-pumpkin-farm-inc/,Outdoor Attractions
Cerritos Library,,Claim this business for free.,(562) 916-1377,18025 Bloomfield Ave.,18025 Bloomfield Ave.,,,,https://funcenterdirectory.com/listing/cerritos-library/,Family Fun Centers
Rotary Storyland & Playland,,Claim this business for free.,(559) 486-2124,890 W. Belmont,890 W. Belmont,,,,https://funcenterdirectory.com/listing/rotary-storyland-playland/,Amusement Parks
Pixieland Amusement Park Inc.,,Claim this business for free.,(925) 689-8841,2740 E. Olivera Road,2740 E. Olivera Road,,,,https://funcenterdirectory.com/listing/pixieland-amusement-park-inc/,Family Fun Centers
LA By Products,,Claim this business for free.,(818) 400-3984,10940 Portal Drive,10940 Portal Drive,,,,https://funcenterdirectory.com/listing/la-by-products/,Family Fun Centers
Icecool Entertainment Park,,Claim this business for free.,(562) 712-4003,P.O. Box 9336,P.O. Box 9336,,,,https://funcenterdirectory.com/listing/icecool-entertainment-park/,Family Fun Centers
Pacific Park Santa Monica California,,Claim this business for free.,(888)-695-0888,Santa Monica Pier,Santa Monica Pier,,,,https://funcenterdirectory.com/listing/pacific-park-santa-monica-california/,Amusement Parks
K1 Speed,,Claim this business for free.,949-250-0242,17221 Von Karman Ave,17221 Von Karman Ave,,,,https://funcenterdirectory.com/listing/k1-speed/,Family Fun Centers
John's Incredible Pizza Co.,,Claim this business for free.,(949) 916-2000,One Orchard Road Suite 135,One Orchard Road Suite 135,,,,https://funcenterdirectory.com/listing/johns-incredible-pizza-co/,Family Fun Centers
Kids Island,,Claim this business for free.,(626) 447-8003,1313 S. Baldwin Ave,1313 S. Baldwin Ave,,,,https://funcenterdirectory.com/listing/kids-island/,Family Fun Centers
KidFactor Inc,,Claim this business for free.,(760) 403-6289,P.O. Box 1941,P.O. Box 1941,,,,https://funcenterdirectory.com/listing/kidfactor-inc/,Family Fun Centers
Mulligan Family Fun Centers California,,Claim this business for free.,(310) 325-3150,1351 West Sepulveda Blvd,1351 West Sepulveda Blvd,,,,https://funcenterdirectory.com/listing/mulligan-family-fun-centers-california/,Family Fun Centers
Scooter's Jungle,,Claim this business for free.,(949) 349-9090 x21,"25 Journey, Aliso Viejo, California, USA, 92656",25 Journey,Aliso Viejo,,California,https://funcenterdirectory.com/listing/scooters-jungle/,Indoor Play Centers
Blackbeard’s Family Entertainment,,Claim this business for free.,(559) 292-9000,4055 N. Chestnut Diag.,4055 N. Chestnut Diag.,,,,https://funcenterdirectory.com/listing/blackbeards-family-entertainment/,Amusement Parks
Dromo One Karts - The Indoor Racing Experience,,Claim this business for free.,714.744.4779,1431 North Main Street,1431 North Main Street,,,,https://funcenterdirectory.com/listing/dromo-one-karts-the-indoor-racing-experience/,Family Fun Centers
Pump It Up - The InflatAlabamale Party Zone,,Claim this business for free.,(925) 397-1300,"1249 Quarry Lane Suite 150, Pleasanton, California, USA, 94566-8446",1249 Quarry Lane Suite 150,Pleasanton,,California,https://funcenterdirectory.com/listing/pump-it-up-the-inflatalabamale-party-zone/,Indoor Play Centers
Golf N Games Family Fun Center,,Claim this business for free.,(925) 381-0359,501 Auto Center Drive,501 Auto Center Drive,,,,https://funcenterdirectory.com/listing/golf-n-games-family-fun-center/,Family Fun Centers
Your Private Playground,,Claim this business for free.,858-945-5604,3025 Segovia Way,3025 Segovia Way,,,,https://funcenterdirectory.com/listing/your-private-playground/,Family Fun Centers
Castle Park Riverside California,,Claim this business for free.,(909) 785-3000,3500 Polk St.,3500 Polk St.,,,,https://funcenterdirectory.com/listing/castle-park-riverside-california/,Amusement Parks
Cinelandia,,Claim this business for free.,(310) 286-9654,10118 Emoyrean Way #303,10118 Emoyrean Way #303,,,,https://funcenterdirectory.com/listing/cinelandia/,Family Fun Centers
Boomers Upland,,Claim this business for free.,(909) 981-5251,1500 W. 7th St.,1500 W. 7th St.,,,,https://funcenterdirectory.com/listing/boomers-upland/,Family Fun Centers
Air Kids Party Zone,,Claim this business for free.,(951) 739-0075,1881 Delilah,1881 Delilah,,,,https://funcenterdirectory.com/listing/air-kids-party-zone/,Family Fun Centers
King's Beach Miniature Golf,,Claim this business for free.,(530) 546-3196,P.O. Box 1202,P.O. Box 1202,,,,https://funcenterdirectory.com/listing/kings-beach-miniature-golf/,Outdoor Attractions
Party Up LLC,,Claim this business for free.,(626) 422-3358,15490 La Subida Drive,15490 La Subida Drive,,,,https://funcenterdirectory.com/listing/party-up-llc/,Family Fun Centers
Pharaoh's Lost Kingdom,,Claim this business for free.,(909) 335-7275,1101 N. California St. and I 10,1101 N. California St. and I 10,,,,https://funcenterdirectory.com/listing/pharaohs-lost-kingdom/,Family Fun Centers
Pirates Club,,Claim this business for free.,(408) 297-2500,381 Stockton Ave.,381 Stockton Ave.,,,,https://funcenterdirectory.com/listing/pirates-club/,Family Fun Centers
Irvine Recreation Park,,Claim this business for free.,(949) 786-9625,3415 Michelson Drive,3415 Michelson Drive,,,,https://funcenterdirectory.com/listing/irvine-recreation-park/,Family Fun Centers
Shalooza Family Entertainment Center,,Claim this business for free.,(623) 670-9555,P. O. Box 8748,P. O. Box 8748,,,,https://funcenterdirectory.com/listing/shalooza-family-entertainment-center/,Family Fun Centers
DeSoto Caverns Park,,Claim this business for free.,(256) 378-7252,5181 DeSoto Caverns Pkwy.,5181 DeSoto Caverns Pkwy.,,,,https://funcenterdirectory.com/listing/desoto-caverns-park/,Outdoor Attractions
Enchanted Island Amusement Park,,Claim this business for free.,(602) 254-1200,1202 w. Encanto Blvd.,1202 w. Encanto Blvd.,,,,https://funcenterdirectory.com/listing/enchanted-island-amusement-park/,Amusement Parks
Freedom Station Family Entertainment Center,,Claim this business for free.,(928) 775-4040,2992 N. Park Ave. Suite A,2992 N. Park Ave. Suite A,,,,https://funcenterdirectory.com/listing/freedom-station-family-entertainment-center/,Family Fun Centers
FUNZONE,,Claim this business for free.,(256) 735-0704,1625 Main Ave.,1625 Main Ave.,,,,https://funcenterdirectory.com/listing/funzone/,Family Fun Centers
BounceU,,Claim this business for free.,(866) 632-6370,"1166 S. Gilbert Road #110, Gilbert, Arizona, USA, 85296",1166 S. Gilbert Road #110,Gilbert,,Arizona,https://funcenterdirectory.com/listing/bounceu/,Indoor Play Centers
Fun Zone Skate Center of Montgomery Inc.,,Claim this business for free.,(334) 420-4386,6820 Oats Drive,6820 Oats Drive,,,,https://funcenterdirectory.com/listing/fun-zone-skate-center-of-montgomery-inc/,Family Fun Centers
Cracker Jax,,Claim this business for free.,(480) 998-2800,7440 E. Karen Drive,7440 E. Karen Drive,,,,https://funcenterdirectory.com/listing/cracker-jax/,Family Fun Centers
The Track Recreation Center,,Claim this business for free.,(251) 948-2106,3200 Gulf Shores Pky.,3200 Gulf Shores Pky.,,,,https://funcenterdirectory.com/listing/the-track-recreation-center/,Amusement Parks
"Golfland Entertainment Centers, Inc.",,Claim this business for free.,(623) 581-8446,155 W. Hampton Ave.,155 W. Hampton Ave.,,,,https://funcenterdirectory.com/listing/golfland-entertainment-centers-inc/,Family Fun Centers
"Waterville U.S.A., Inc.",,Claim this business for free.,(251) 948-2106,P.O. Box 1017,P.O. Box 1017,,,,https://funcenterdirectory.com/listing/waterville-u-s-a-inc/,Water Parks
Southern Adeventures,,Claim this business for free.,(256)-880-6599,2150 Leeman Ferry Road,2150 Leeman Ferry Road,,,,https://funcenterdirectory.com/listing/southern-adeventures/,Family Fun Centers
O.K. Corral,,Claim this business for free.,(520) 457-3456,P.O. Box 367,P.O. Box 367,,,,https://funcenterdirectory.com/listing/o-k-corral/,Outdoor Attractions
Dothan Civic Center/Opera House,,Claim this business for free.,(334) 615-3171,P.O. Box 2128,P.O. Box 2128,,,,https://funcenterdirectory.com/listing/dothan-civic-center-opera-house/,Family Fun Centers
Loco Landing Adventure Park,,Claim this business for free.,6047557942,Main St,Main St,,,,https://funcenterdirectory.com/listing/loco-landing-adventure-park/,Amusement Parks
AdventureLand,,Claim this business for free.,(334) 793-9100,3738 W. Main St.,3738 W. Main St.,,,,https://funcenterdirectory.com/listing/adventureland/,Amusement Parks
The Great Escape,,Claim this business for free.,604-530-1400,20645 Langley BypassUnit 104,20645 Langley BypassUnit 104,,,,https://funcenterdirectory.com/listing/the-great-escape/,Family Fun Centers
B C PAINTBALL GAMES,,Claim this business for free.,780-207-5165,5713-52 Avenue,5713-52 Avenue,,,,https://funcenterdirectory.com/listing/b-c-paintball-games/,Outdoor Attractions
Dinotown,,Claim this business for free.,604-794-7410,53480 Bridal Falls Road,53480 Bridal Falls Road,,,,https://funcenterdirectory.com/listing/dinotown/,Family Fun Centers
Gator Park,,Claim this business for free.,(501) 455-3750,P.O. Box,P.O. Box,,,,https://funcenterdirectory.com/listing/gator-park/,Family Fun Centers
Face Place/Carousel Adventure,,This company listing is available to be claimed. Thank you for visiting the Family Fun Center directory.,(919) 957-1300,P.O. Box 31807,P.O. Box 31807,,,,https://funcenterdirectory.com/listing/face-place-carousel-adventure/,Family Fun Centers
Fenwick Island Enterprises Inc. t/a Viking Golf Theme Park,,This company listing is available to be claimed. Thank you for visiting the Family Fun Center directory.,(302) 539-1644,11004 Trappe Creek Road,11004 Trappe Creek Road,,,,https://funcenterdirectory.com/listing/fenwick-island-enterprises-inc-t-a-viking-golf-theme-park/,Family Fun Centers
Old Town Trolley Tours of Key West/Buggy Bus Inc.,,This company listing is available to be claimed. Thank you for visiting the Family Fun Center directory.,(305) 296-6688,122 Simonton St.,122 Simonton St.,,,,https://funcenterdirectory.com/listing/old-town-trolley-tours-of-key-west-buggy-bus-inc/,Family Fun Centers
Brothers Enterprises/Royal Fun Time Inc.,,This company listing is available to be claimed. Thank you for visiting the Family Fun Center directory.,(407) 390-0906,Small Amusement Park,Small Amusement Park,,,,https://funcenterdirectory.com/listing/brothers-enterprises-royal-fun-time-inc/,Family Fun Centers
HRP Global Mgmt./HRP Myrtle Beach Operations,,This company listing is available to be claimed. Thank you for visiting the Family Fun Center directory.,(407) 418-4300,200 E. Robinson St. Suite 510,200 E. Robinson St. Suite 510,,,,https://funcenterdirectory.com/listing/hrp-global-mgmt-hrp-myrtle-beach-operations/,Family Fun Centers
DNC Parks & Resorts at KSC,,This company listing is available to be claimed. Thank you for visiting the Family Fun Center directory.,(321) 449-4444,DNPS,DNPS,,,,https://funcenterdirectory.com/listing/dnc-parks-resorts-at-ksc/,Family Fun Centers
Webber Corporation dba Coconut Creek Mini Golf & Gran Maze,,This company listing is available to be claimed. Thank you for visiting the Family Fun Center directory.,(850) 234-2625,9807 Front Beach Road,9807 Front Beach Road,,,,https://funcenterdirectory.com/listing/webber-corporation-dba-coconut-creek-mini-golf-gran-maze/,Family Fun Centers
Family Fun Center,,This company listing is available to be claimed. Thank you for visiting the Family Fun Center directory.,(813) 644-1728,4825 S. Florida Ave.,4825 S. Florida Ave.,,,,https://funcenterdirectory.com/listing/family-fun-center/,Family Fun Centers
Basik Development LLC,,This company listing is available to be claimed. Thank you for visiting the Family Fun Center directory.,(239) 262-3210,720 Goodletter Road Suite 305,720 Goodletter Road Suite 305,,,,https://funcenterdirectory.com/listing/basik-development-llc/,Family Fun Centers
Sunshine Games & InflatAlabamales LLC.,,This company listing is available to be claimed. Thank you for visiting the Family Fun Center directory.,(813) 671-1205,11303 Louisa May Way,11303 Louisa May Way,,,,https://funcenterdirectory.com/listing/sunshine-games-inflatalabamales-llc/,Family Fun Centers
Gillian's Wonderland Pier/Gilamco Inc. (Destin),,This company listing is available to be claimed. Thank you for visiting the Family Fun Center directory.,(850) 837-3295,1125 Hwy. 98 E.,1125 Hwy. 98 E.,,,,https://funcenterdirectory.com/listing/gillians-wonderland-pier-gilamco-inc-destin/,Family Fun Centers
Fun Town Family Fun Center,,This company listing is available to be claimed. Thank you for visiting the Family Fun Center directory.,321-253-4777,1976 North Wickham Drive,1976 North Wickham Drive,,,,https://funcenterdirectory.com/listing/fun-town-family-fun-center/,Family Fun Centers
Mystic Entertainment Company,,This company listing is available to be claimed. Thank you for visiting the Family Fun Center directory.,(860) 227-2265,55 Coogan Blvd.,55 Coogan Blvd.,,,,https://funcenterdirectory.com/listing/mystic-entertainment-company/,Family Fun Centers
Seven Falls,,This company listing is available to be claimed. Thank you for visiting the Family Fun Center directory.,(719) 632-0752,2850 S. Cheyenne Canyon Road,2850 S. Cheyenne Canyon Road,,,,https://funcenterdirectory.com/listing/seven-falls/,Family Fun Centers
Mr. Biggs Colorado,,This company listing is available to be claimed. Thank you for visiting the Family Fun Center directory.,(303) 972-4344,9670 W. Coal Mine Ave.,9670 W. Coal Mine Ave.,,,,https://funcenterdirectory.com/listing/mr-biggs-colorado/,Family Fun Centers
Classic Events & Catering,,This company listing is available to be claimed. Thank you for visiting the Family Fun Center directory.,(303) 271-9198,3101 E. 52nd Ave. Suite D,3101 E. 52nd Ave. Suite D,,,,https://funcenterdirectory.com/listing/classic-events-catering/,Family Fun Centers
The Hot Dawg Pound,,This company listing is available to be claimed. Thank you for visiting the Family Fun Center directory.,(719) 595-9880,710A W. 4th St.,710A W. 4th St.,,,,https://funcenterdirectory.com/listing/the-hot-dawg-pound/,Family Fun Centers
Focus on the Family,,This company listing is available to be claimed. Thank you for visiting the Family Fun Center directory.,(719) 531-3416,8605 Explorer Drive,8605 Explorer Drive,,,,https://funcenterdirectory.com/listing/focus-on-the-family/,Family Fun Centers
Disney Destinations,,This company listing is available to be claimed. Thank you for visiting the Family Fun Center directory.,1401 Flower St.,,,,,,https://funcenterdirectory.com/listing/disney-destinations/,Family Fun Centers
Blackbeard's/G.L.A.D. Entertainment Inc.,,This company listing is available to be claimed. Thank you for visiting the Family Fun Center directory.,(559) 292-9000,4055 N. Chestnut Diag.,4055 N. Chestnut Diag.,,,,https://funcenterdirectory.com/listing/blackbeards-g-l-a-d-entertainment-inc/,Family Fun Centers
Enchanted Island Amusement Park/Encanto Adventures LLC,,This company listing is available to be claimed. Thank you for visiting the Family Fun Center directory.,(602) 254-1200,1202 w. Encanto Blvd.,1202 w. Encanto Blvd.,,,,https://funcenterdirectory.com/listing/enchanted-island-amusement-park-encanto-adventures-llc/,Family Fun Centers
