[
  {
    "url": "https://www.airsoftnut.com/airsoft-fields-near-me-alabama/\r",
    "links": [
      {
        "text": "Mt. Doom Paintball and Airsoft",
        "href": "https://www.airsoftnut.com/mt-doom-paintball-and-airsoft"
      },
      {
        "text": "Ridgeline Airsoft",
        "href": "https://www.airsoftnut.com/ridgeline-airsoft"
      }
    ]
  },
  {
    "url": "https://www.airsoftnut.com/airsoft-fields-near-me-alaska/\r",
    "links": [
      {
        "text": "Interior Alaska Airsoft LLC",
        "href": "https://www.airsoftnut.com/interior-alaska-airsoft-llc"
      }
    ]
  },
  {
    "url": "https://www.airsoftnut.com/airsoft-fields-near-me-arizona/\r",
    "links": [
      {
        "text": "Fightertown Paintball and Airsoft",
        "href": "https://www.airsoftnut.com/fightertown-paintball-and-airsoft"
      },
      {
        "text": "Freedom Airsoft",
        "href": "https://www.airsoftnut.com/freedom-airsoft"
      },
      {
        "text": "VIP Airsoft",
        "href": "https://www.airsoftnut.com/vip-airsoft"
      },
      {
        "text": "Wild West Paintball and Airsoft Park",
        "href": "https://www.airsoftnut.com/wild-west-paintball-and-airsoft-park"
      }
    ]
  },
  {
    "url": "https://www.airsoftnut.com/airsoft-fields-near-me-california/\r",
    "links": [
      {
        "text": "Airsoft Extreme Arena",
        "href": "https://www.airsoftnut.com/airsoft-extreme-arena/"
      },
      {
        "text": "Ambush Airsoft Park",
        "href": "https://www.airsoftnut.com/ambush-airsoft-park"
      },
      {
        "text": "Camp Pendeton Airsoft Park",
        "href": "https://www.airsoftnut.com/camp-pendeton-airsoft-park"
      },
      {
        "text": "Code Red Airsoft Park",
        "href": "https://www.airsoftnut.com/code-red-airsoft-park/"
      },
      {
        "text": "Combat Paintball Park",
        "href": "https://www.airsoftnut.com/combat-paintball-park/"
      },
      {
        "text": "CQB City",
        "href": "https://www.airsoftnut.com/cqb-city"
      },
      {
        "text": "DSOC Killhouse",
        "href": "https://www.airsoftnut.com/dsoc-killhouse"
      },
      {
        "text": "Fresno Airsoft Arena",
        "href": "https://www.airsoftnut.com/fresno-airsoft-arena"
      },
      {
        "text": "Gamepod Combat Zone",
        "href": "https://www.airsoftnut.com/gamepod-combat-zone"
      },
      {
        "text": "Gorilla Airsoft",
        "href": "https://www.airsoftnut.com/gorilla-airsoft"
      },
      {
        "text": "Hill 559",
        "href": "https://www.airsoftnut.com/hill-559"
      },
      {
        "text": "Jungle Island Airsoft Park",
        "href": "https://www.airsoftnut.com/jungle-island-airsoft-park"
      },
      {
        "text": "Mr. Paintball USA",
        "href": "https://www.airsoftnut.com/mr-paintball-usa"
      },
      {
        "text": "Playland 707",
        "href": "https://www.airsoftnut.com/playland-707"
      },
      {
        "text": "Sierra AO",
        "href": "https://www.airsoftnut.com/sierra-ao"
      },
      {
        "text": "Stryker Paintball and Airsoft",
        "href": "https://www.airsoftnut.com/stryker-paintball-and-airsoft"
      },
      {
        "text": "Tac City Airsoft",
        "href": "https://www.airsoftnut.com/tac-city-airsoft/"
      },
      {
        "text": "U.S. Airsoft World",
        "href": "https://www.airsoftnut.com/us-airsoft-world"
      },
      {
        "text": "All Patriot Airsoft",
        "href": "https://www.airsoftnut.com/all-patriot-airsoft"
      },
      {
        "text": "Warped Ops",
        "href": "https://www.airsoftnut.com/warped-ops"
      },
      {
        "text": "West Coast Adventure Park",
        "href": "https://www.airsoftnut.com/west-coast-adventure-park"
      }
    ]
  },
  {
    "url": "https://www.airsoftnut.com/airsoft-fields-near-me-colorado/\r",
    "links": [
      {
        "text": "American Paintball Coliseum – Indoor",
        "href": "https://www.airsoftnut.com/american-paintball-coliseum---indoor"
      },
      {
        "text": "F.A.F. Flat Acres Farm Airsoft Field",
        "href": "https://www.airsoftnut.com/faf-flat-acres-farm-airsoft-field"
      },
      {
        "text": "Go Airheads",
        "href": "https://www.airsoftnut.com/go-airheads"
      }
    ]
  },
  {
    "url": "https://www.airsoftnut.com/airsoft-fields-near-me-connecticut/\r",
    "links": [
      {
        "text": "Ground Zero Airsoft Field",
        "href": "https://www.airsoftnut.com/ground-zero-airsoft-field"
      },
      {
        "text": "Tactical Airsoft",
        "href": "https://www.airsoftnut.com/tactical-airsoft"
      }
    ]
  },
  {
    "url": "https://www.airsoftnut.com/airsoft-fields-near-me-delaware/\r",
    "links": [
      {
        "text": "911 Airsoft",
        "href": "https://www.airsoftnut.com/911-airsoft"
      }
    ]
  },
  {
    "url": "https://www.airsoftnut.com/airsoft-fields-near-me-florida/\r",
    "links": [
      {
        "text": "Battalion Airsoft Arena",
        "href": "https://www.airsoftnut.com/battalion-airsoft-arena"
      },
      {
        "text": "Black Tiger Airsoft",
        "href": "https://www.airsoftnut.com/black-tiger-airsoft/"
      },
      {
        "text": "Combat Zone Sports",
        "href": "https://www.airsoftnut.com/combat-zone-sports"
      },
      {
        "text": "Doomsday Airsoft / Route 7",
        "href": "https://www.airsoftnut.com/doomsday-airsoft-route-7"
      },
      {
        "text": "Invincibles Airsoft Park",
        "href": "https://www.airsoftnut.com/invincibles-airsoft-park"
      },
      {
        "text": "Miami Airsoft",
        "href": "https://www.airsoftnut.com/miami-airsoft"
      },
      {
        "text": "Tactical Airsoft Compound (T.A.C.)",
        "href": "https://www.airsoftnut.com/tactical-airsoft-compound-tac"
      }
    ]
  },
  {
    "url": "https://www.airsoftnut.com/airsoft-fields-near-me-georgia/\r",
    "links": [
      {
        "text": "Airsoft Depot",
        "href": "https://www.airsoftnut.com/airsoft-depot/"
      },
      {
        "text": "Arkenstone 1 Paintball and Airsoft",
        "href": "https://www.airsoftnut.com/arkenstone-1-paintball-and-airsoft"
      },
      {
        "text": "Elite Ops Airsoft",
        "href": "https://www.airsoftnut.com/elite-ops-airsoft"
      },
      {
        "text": "Georgia Airsoft",
        "href": "https://www.airsoftnut.com/georgia-airsoft"
      },
      {
        "text": "Hoppers Paintball and Airsoft",
        "href": "https://www.airsoftnut.com/hoppers-paintball-and-airsoft"
      },
      {
        "text": "Power Ops",
        "href": "https://www.airsoftnut.com/power-ops"
      },
      {
        "text": "Shanes Hot Shots",
        "href": "https://www.airsoftnut.com/shanes-hot-shots"
      },
      {
        "text": "SS Airsoft",
        "href": "https://www.airsoftnut.com/ss-airsoft"
      },
      {
        "text": "Team Airsoft",
        "href": "https://www.airsoftnut.com/team-airsoft"
      }
    ]
  },
  {
    "url": "https://www.airsoftnut.com/airsoft-fields-near-me-illinois/\r",
    "links": [
      {
        "text": "Badlandz Paintball",
        "href": "https://www.airsoftnut.com/badlandz-paintball"
      },
      {
        "text": "Bing Field Paintball and Airsoft",
        "href": "https://www.airsoftnut.com/bing-field-paintball-and-airsoft"
      },
      {
        "text": "CPX Sports",
        "href": "https://www.airsoftnut.com/cpx-sports"
      },
      {
        "text": "Legacy Paintball and Airsoft Park",
        "href": "https://www.airsoftnut.com/legacy-paintball-and-airsoft-park"
      },
      {
        "text": "Saltfork Paintball",
        "href": "https://www.airsoftnut.com/saltfork-paintball"
      },
      {
        "text": "Urban Warfare Paintball",
        "href": "https://www.airsoftnut.com/urban-warfare-paintball"
      }
    ]
  },
  {
    "url": "https://www.airsoftnut.com/airsoft-fields-near-me-indiana/\r",
    "links": [
      {
        "text": "Blast Camp",
        "href": "https://www.airsoftnut.com/blast-camp/"
      },
      {
        "text": "Butler Indiana Airsoft",
        "href": "https://www.airsoftnut.com/butler-indiana-airsoft"
      },
      {
        "text": "Paintball Plex",
        "href": "https://www.airsoftnut.com/paintball-plex/"
      }
    ]
  },
  {
    "url": "https://www.airsoftnut.com/airsoft-fields-near-me-kansas/\r",
    "links": [
      {
        "text": "Drop Zone Paintball Park",
        "href": "https://www.airsoftnut.com/drop-zone-paintball-park"
      }
    ]
  },
  {
    "url": "https://www.airsoftnut.com/airsoft-fields-near-me-kentucky/\r",
    "links": [
      {
        "text": "ACS Airsoft",
        "href": "https://www.airsoftnut.com/acs-airsoft"
      }
    ]
  },
  {
    "url": "https://www.airsoftnut.com/airsoft-fields-near-me-louisiana/\r",
    "links": [
      {
        "text": "IronSight Airsoft",
        "href": "https://www.airsoftnut.com/ironsight-airsoft"
      }
    ]
  },
  {
    "url": "https://www.airsoftnut.com/airsoft-fields-near-me-maine/\r",
    "links": [
      {
        "text": "Harris Farm Airsoft Field",
        "href": "https://www.airsoftnut.com/harris-farm-airsoft-field"
      },
      {
        "text": "Warrior Village",
        "href": "https://www.airsoftnut.com/warrior-village/"
      }
    ]
  },
  {
    "url": "https://www.airsoftnut.com/airsoft-fields-near-me-maryland/\r",
    "links": [
      {
        "text": "North East Adventure Paintball and Airsoft Field",
        "href": "https://www.airsoftnut.com/north-east-adventure-paintball-and-airsoft-field"
      },
      {
        "text": "Outdoor Xtreme Chesapeake City",
        "href": "https://www.airsoftnut.com/outdoor-xtreme-chesapeake-city"
      },
      {
        "text": "Paintball-Sportsland",
        "href": "https://www.airsoftnut.com/paintball-sportsland"
      },
      {
        "text": "Pasadena Paintball Park (P3) Airsoft",
        "href": "https://www.airsoftnut.com/pasadena-paintball-park-p3-airsoft"
      },
      {
        "text": "Replay Airsoft Arena",
        "href": "https://www.airsoftnut.com/replay-airsoft-arena"
      },
      {
        "text": "Tactical Airsoft Arena",
        "href": "https://www.airsoftnut.com/tactical-airsoft-arena"
      }
    ]
  },
  {
    "url": "https://www.airsoftnut.com/airsoft-fields-near-me-massachusetts/\r",
    "links": [
      {
        "text": "AllStarr Paintball and Airsoft",
        "href": "https://www.airsoftnut.com/allstarr-paintball-and-airsoft"
      },
      {
        "text": "PnL Paintball",
        "href": "https://www.airsoftnut.com/pnl-paintball"
      },
      {
        "text": "Stronghold OPS Airsoft",
        "href": "https://www.airsoftnut.com/stronghold-ops-airsoft"
      },
      {
        "text": "Ultimate Battleground",
        "href": "https://www.airsoftnut.com/ultimate-battleground"
      }
    ]
  },
  {
    "url": "https://www.airsoftnut.com/airsoft-fields-near-me-michigan/\r",
    "links": [
      {
        "text": "DarkFire Airsoft",
        "href": "https://www.airsoftnut.com/darkfire-airsoft"
      },
      {
        "text": "Hells Survivors Paintball",
        "href": "https://www.airsoftnut.com/hells-survivors-paintball"
      },
      {
        "text": "Motor City Airsoft",
        "href": "https://www.airsoftnut.com/motor-city-airsoft"
      }
    ]
  },
  {
    "url": "https://www.airsoftnut.com/airsoft-fields-near-me-minnesota/\r",
    "links": [
      {
        "text": "Big Lake Tactical",
        "href": "https://www.airsoftnut.com/big-lake-tactical"
      },
      {
        "text": "Crossfire Airsoft MN",
        "href": "https://www.airsoftnut.com/crossfire-airsoft-mn"
      },
      {
        "text": "Champion Valley",
        "href": "https://www.airsoftnut.com/champion-valley"
      }
    ]
  },
  {
    "url": "https://www.airsoftnut.com/airsoft-fields-near-me-missouri/\r",
    "links": [
      {
        "text": "Bailey’s Battlefield",
        "href": "https://www.airsoftnut.com/baileys-battlefield"
      },
      {
        "text": "So Go Airsoft",
        "href": "https://www.airsoftnut.com/so-go-airsoft"
      },
      {
        "text": "The Rock Airsoft",
        "href": "https://www.airsoftnut.com/the-rock-airsoft"
      }
    ]
  },
  {
    "url": "https://www.airsoftnut.com/airsoft-fields-near-me-new-hampshire/\r",
    "links": [
      {
        "text": "Feel Good Farm Airsoft",
        "href": "https://www.airsoftnut.com/feel-good-farm-airsoft"
      },
      {
        "text": "RPC Airsoft",
        "href": "https://www.airsoftnut.com/rpc-airsoft"
      }
    ]
  },
  {
    "url": "https://www.airsoftnut.com/airsoft-fields-near-me-new-jersey/\r",
    "links": [
      {
        "text": "Independance Airsoft and Tactical Park",
        "href": "https://www.airsoftnut.com/independance-airsoft-and-tactical-park"
      },
      {
        "text": "New Breed Paintball",
        "href": "https://www.airsoftnut.com/new-breed-paintball"
      },
      {
        "text": "Quick Shot Paintball and Airsoft",
        "href": "https://www.airsoftnut.com/quick-shot-paintball-and-airsoft"
      },
      {
        "text": "Softair NJ",
        "href": "https://www.airsoftnut.com/softair-nj"
      },
      {
        "text": "Stryker Airsoft",
        "href": "https://www.airsoftnut.com/stryker-airsoft/"
      },
      {
        "text": "The Airsoft Factory",
        "href": "https://www.airsoftnut.com/the-airsoft-factory"
      }
    ]
  },
  {
    "url": "https://www.airsoftnut.com/airsoft-fields-near-me-new-mexico/\r",
    "links": [
      {
        "text": "Ruckus paintball and airsoft",
        "href": "https://www.airsoftnut.com/ruckus-paintball-and-airsoft"
      }
    ]
  },
  {
    "url": "https://www.airsoftnut.com/airsoft-fields-near-me-new-york/\r",
    "links": [
      {
        "text": "Buffalo Battleground",
        "href": "https://www.airsoftnut.com/buffalo-battleground/"
      },
      {
        "text": "Capital Combat Zone",
        "href": "https://www.airsoftnut.com/capital-combat-zone"
      },
      {
        "text": "Coopers Cave Paintball and Airsoft Field",
        "href": "https://www.airsoftnut.com/coopers-cave-paintball-and-airsoft-field"
      },
      {
        "text": "Cousins Paintball Riverhead",
        "href": "https://www.airsoftnut.com/cousins-paintball-riverhead"
      },
      {
        "text": "High Velocity Paintball",
        "href": "https://www.airsoftnut.com/high-velocity-paintball"
      },
      {
        "text": "Hudson Valley Airsoft",
        "href": "https://www.airsoftnut.com/hudson-valley-airsoft"
      },
      {
        "text": "Hunters Creek Airsoft",
        "href": "https://www.airsoftnut.com/hunters-creek-airsoft"
      },
      {
        "text": "R&M Paintball and Airsoft",
        "href": "https://www.airsoftnut.com/r-m-paintball-and-airsoft"
      },
      {
        "text": "River City Airsoft",
        "href": "https://www.airsoftnut.com/river-city-airsoft"
      },
      {
        "text": "Strike Force Sports Airsoft",
        "href": "https://www.airsoftnut.com/strike-force-sports-airsoft"
      },
      {
        "text": "The BrickHouse / The ClubHouse",
        "href": "https://www.airsoftnut.com/the-brickhouse-the-clubhouse"
      },
      {
        "text": "The War Zone",
        "href": "https://www.airsoftnut.com/the-war-zone"
      },
      {
        "text": "Watertown Airsoft League",
        "href": "https://www.airsoftnut.com/watertown-airsoft-league"
      },
      {
        "text": "Zulu 24",
        "href": "https://www.airsoftnut.com/zulu-24"
      }
    ]
  },
  {
    "url": "https://www.airsoftnut.com/airsoft-fields-near-me-north-carolina/\r",
    "links": [
      {
        "text": "Airsoft Battle Park",
        "href": "https://www.airsoftnut.com/airsoft-battle-park"
      },
      {
        "text": "Cedar Creek Airsoft",
        "href": "https://www.airsoftnut.com/cedar-creek-airsoft"
      },
      {
        "text": "Gunny’s Warfare Center",
        "href": "https://www.airsoftnut.com/gunnys-warfare-center"
      },
      {
        "text": "PBC Sports Park – Charlotte",
        "href": "https://www.airsoftnut.com/pbc-sports-park---charlotte"
      },
      {
        "text": "PBC Sports Park – Greensboro",
        "href": "https://www.airsoftnut.com/pbc-sports-park---greensboro"
      },
      {
        "text": "XtremeKombat",
        "href": "https://www.airsoftnut.com/xtremekombat"
      }
    ]
  },
  {
    "url": "https://www.airsoftnut.com/airsoft-fields-near-me-ohio/\r",
    "links": [
      {
        "text": "Assault Airsoft Indoor",
        "href": "https://www.airsoftnut.com/assault-airsoft-indoor"
      },
      {
        "text": "Fallen Warrior Airsoft",
        "href": "https://www.airsoftnut.com/fallen-warrior-airsoft"
      },
      {
        "text": "Hidden Spring Ranch",
        "href": "https://www.airsoftnut.com/hidden-spring-ranch"
      },
      {
        "text": "i70 Paintball and Airsoft",
        "href": "https://www.airsoftnut.com/i70-paintball-and-airsoft"
      },
      {
        "text": "Ohio Indoor Airsoft (OIA)",
        "href": "https://www.airsoftnut.com/ohio-indoor-airsoft-oia"
      },
      {
        "text": "Ohio Valley Airsoft",
        "href": "https://www.airsoftnut.com/ohio-valley-airsoft"
      },
      {
        "text": "Splatter Park",
        "href": "https://www.airsoftnut.com/splatter-park/"
      }
    ]
  },
  {
    "url": "https://www.airsoftnut.com/airsoft-fields-near-me-oklahoma/\r",
    "links": [
      {
        "text": "Airsoft Tulsa Indoor Field",
        "href": "https://www.airsoftnut.com/airsoft-tulsa-indoor-field/"
      },
      {
        "text": "D-Day Adventure Park",
        "href": "https://www.airsoftnut.com/d-day-adventure-park"
      }
    ]
  },
  {
    "url": "https://www.airsoftnut.com/airsoft-fields-near-me-oregon/\r",
    "links": [
      {
        "text": "Action Acres Airsoft",
        "href": "https://www.airsoftnut.com/action-acres-airsoft/"
      },
      {
        "text": "Camp R&R",
        "href": "https://www.airsoftnut.com/camp-r-r"
      },
      {
        "text": "CV Paintball and Airsoft Field",
        "href": "https://www.airsoftnut.com/cv-paintball-and-airsoft-field"
      },
      {
        "text": "Gold Hill Airsoft",
        "href": "https://www.airsoftnut.com/gold-hill-airsoft"
      },
      {
        "text": "Oregon Airsoft Arena and Tactical Store",
        "href": "https://www.airsoftnut.com/oregon-airsoft-arena-and-tactical-store"
      },
      {
        "text": "Splat Action Paintball",
        "href": "https://www.airsoftnut.com/splat-action-paintball"
      },
      {
        "text": "The SWAMP Paintball and Airsoft",
        "href": "https://www.airsoftnut.com/the-swamp-paintball-and-airsoft"
      }
    ]
  },
  {
    "url": "https://www.airsoftnut.com/airsoft-fields-near-me-pennsylvania/\r",
    "links": [
      {
        "text": "Ambush Airsoft and Paintball",
        "href": "https://www.airsoftnut.com/ambush-airsoft-and-paintball"
      },
      {
        "text": "EAG Combat Simulations",
        "href": "https://www.airsoftnut.com/eag-combat-simulations"
      },
      {
        "text": "Linglestown Paintball",
        "href": "https://www.airsoftnut.com/linglestown-paintball"
      },
      {
        "text": "Mercer Airsoft Center",
        "href": "https://www.airsoftnut.com/mercer-airsoft-center"
      },
      {
        "text": "Poco Loco Paintball Park",
        "href": "https://www.airsoftnut.com/poco-loco-paintball-park"
      },
      {
        "text": "The Battlegrounds",
        "href": "https://www.airsoftnut.com/the-battlegrounds/"
      },
      {
        "text": "Three Rivers Paintball and Airsoft Park",
        "href": "https://www.airsoftnut.com/three-rivers-paintball-and-airsoft-park"
      }
    ]
  },
  {
    "url": "https://www.airsoftnut.com/airsoft-fields-near-me-rhode-island/\r",
    "links": [
      {
        "text": "Battlegroundz",
        "href": "https://www.airsoftnut.com/battlegroundz/"
      },
      {
        "text": "Extreme Airsoft",
        "href": "https://www.airsoftnut.com/extreme-airsoft/"
      },
      {
        "text": "Rhode Island Paintball and Airsoft",
        "href": "https://www.airsoftnut.com/rhode-island-paintball-and-airsoft"
      },
      {
        "text": "Warzone Paintball and Airsoft",
        "href": "https://www.airsoftnut.com/warzone-paintball-and-airsoft"
      }
    ]
  },
  {
    "url": "https://www.airsoftnut.com/airsoft-fields-near-me-south-carolina/\r",
    "links": [
      {
        "text": "Battle Cat Sports",
        "href": "https://www.airsoftnut.com/battle-cat-sports"
      },
      {
        "text": "Black Ops Airsoft – South",
        "href": "https://www.airsoftnut.com/black-ops-airsoft---south"
      },
      {
        "text": "SQA aka Escue Airsoft",
        "href": "https://www.airsoftnut.com/sqa-aka-escue-airsoft"
      }
    ]
  },
  {
    "url": "https://www.airsoftnut.com/airsoft-fields-near-me-tennessee/\r",
    "links": [
      {
        "text": "Bad Karma Airsoft",
        "href": "https://www.airsoftnut.com/bad-karma-airsoft"
      },
      {
        "text": "CartCon1",
        "href": "https://www.airsoftnut.com/cartcon1"
      },
      {
        "text": "Hellhounds Airsoft Field",
        "href": "https://www.airsoftnut.com/hellhounds-airsoft-field"
      },
      {
        "text": "Nashville Airsoft",
        "href": "https://www.airsoftnut.com/nashville-airsoft"
      },
      {
        "text": "Resurrection Airsoft",
        "href": "https://www.airsoftnut.com/resurrection-airsoft"
      },
      {
        "text": "Springfield Airsoft Field",
        "href": "https://www.airsoftnut.com/springfield-airsoft-field"
      }
    ]
  },
  {
    "url": "https://www.airsoftnut.com/airsoft-fields-near-me-texas/\r",
    "links": [
      {
        "text": "Balls & Bruises",
        "href": "https://www.airsoftnut.com/balls-bruises"
      },
      {
        "text": "878 Airsoft",
        "href": "https://www.airsoftnut.com/878-airsoft/"
      },
      {
        "text": "Airsoft Revolution 15",
        "href": "https://www.airsoftnut.com/airsoft-revolution-15"
      },
      {
        "text": "D14 Airsoft",
        "href": "https://www.airsoftnut.com/d14-airsoft"
      },
      {
        "text": "Delta Paintball",
        "href": "https://www.airsoftnut.com/delta-paintball"
      },
      {
        "text": "DFW Adventure Park",
        "href": "https://www.airsoftnut.com/dfw-adventure-park"
      },
      {
        "text": "Edinburg Paintball Battlegrounds",
        "href": "https://www.airsoftnut.com/edinburg-paintball-battlegrounds"
      },
      {
        "text": "Fun on the Run Field",
        "href": "https://www.airsoftnut.com/fun-on-the-run-field"
      },
      {
        "text": "High Ground Airsoft – Spring",
        "href": "https://www.airsoftnut.com/high-ground-airsoft---spring/"
      },
      {
        "text": "La Vernia Airsoft Field",
        "href": "https://www.airsoftnut.com/la-vernia-airsoft-field"
      },
      {
        "text": "Mission: Airsoft",
        "href": "https://www.airsoftnut.com/mission-airsoft/"
      },
      {
        "text": "Paintball Zone – North",
        "href": "https://www.airsoftnut.com/paintball-zone---north"
      },
      {
        "text": "Paintball Zone – South",
        "href": "https://www.airsoftnut.com/paintball-zone---south"
      },
      {
        "text": "Play Extreme Sports",
        "href": "https://www.airsoftnut.com/play-extreme-sports"
      },
      {
        "text": "Tanks Paintball – Sugarland",
        "href": "https://www.airsoftnut.com/tanks-paintball---sugarland"
      },
      {
        "text": "Temple Tactical and Airsoft",
        "href": "https://www.airsoftnut.com/temple-tactical-and-airsoft"
      }
    ]
  },
  {
    "url": "https://www.airsoftnut.com/airsoft-fields-near-me-utah/\r",
    "links": [
      {
        "text": "MilSim City",
        "href": "https://www.airsoftnut.com/milsim-city"
      }
    ]
  },
  {
    "url": "https://www.airsoftnut.com/airsoft-fields-near-me-virginia/\r",
    "links": [
      {
        "text": "Augusta Airsoft",
        "href": "https://www.airsoftnut.com/augusta-airsoft"
      },
      {
        "text": "Ballahack Airsoft",
        "href": "https://www.airsoftnut.com/ballahack-airsoft"
      },
      {
        "text": "Bethel Battlefield",
        "href": "https://www.airsoftnut.com/bethel-battlefield/"
      },
      {
        "text": "Pev’s Paintball",
        "href": "https://www.airsoftnut.com/pev"
      },
      {
        "text": "RATAC Battlefield",
        "href": "https://www.airsoftnut.com/ratac-battlefield"
      },
      {
        "text": "XZone Airsoft",
        "href": "https://www.airsoftnut.com/xzone-airsoft"
      }
    ]
  },
  {
    "url": "https://www.airsoftnut.com/airsoft-fields-near-me-washington/\r",
    "links": [
      {
        "text": "Go Big Paintball Park",
        "href": "https://www.airsoftnut.com/go-big-paintball-park"
      },
      {
        "text": "Nitehawk Airsoft",
        "href": "https://www.airsoftnut.com/nitehawk-airsoft"
      },
      {
        "text": "Paintball Station",
        "href": "https://www.airsoftnut.com/paintball-station"
      },
      {
        "text": "The Airsoft Center",
        "href": "https://www.airsoftnut.com/the-airsoft-center"
      }
    ]
  },
  {
    "url": "https://www.airsoftnut.com/airsoft-fields-near-me-west-virginia/\r",
    "links": [
      {
        "text": "M2 Bravo Airsoft Arena",
        "href": "https://www.airsoftnut.com/m2-bravo-airsoft-arena"
      }
    ]
  },
  {
    "url": "https://www.airsoftnut.com/airsoft-fields-near-me-wisconsin/\r",
    "links": [
      {
        "text": "Airsoft Arena",
        "href": "https://www.airsoftnut.com/airsoft-arena"
      },
      {
        "text": "BlackOps Airsoft",
        "href": "https://www.airsoftnut.com/blackops-airsoft"
      },
      {
        "text": "Edge Paintball and Airsoft",
        "href": "https://www.airsoftnut.com/edge-paintball-and-airsoft"
      },
      {
        "text": "The Siege Paintball",
        "href": "https://www.airsoftnut.com/the-siege-paintball"
      },
      {
        "text": "Twin Cities Airsoft",
        "href": "https://www.airsoftnut.com/twin-cities-airsoft"
      }
    ]
  }
]