[
  {
    "name": "Argo Drive-In Theatre",
    "address": "Hwy 11, Argo, Al",
    "phone": "(205) 467-3434"
  },
  {
    "name": "411 Drive-In Theater",
    "address": "",
    "phone": ""
  },
  {
    "name": "Old 411 West",
    "address": "Centre, AL 35960",
    "phone": "(256) 927-2855"
  },
  {
    "name": "Cheyenne Drive-In",
    "address": "located on Highway 79, Cleveland, Al.",
    "phone": "(205) 559-8033."
  },
  {
    "name": "Blue Moon Drive-In Theater",
    "address": "4690 Hwy. 78 West, Gu-Win, AL",
    "phone": "205-468-8046"
  },
  {
    "name": "Sand Mountain Twin Drive-In Theater",
    "address": "US 431, Mountainboro, AL (just south of Boaz AL)",
    "phone": ""
  },
  {
    "name": "Piedmont Drive-In Theatre",
    "address": "1260 US Highway 278 West, Piedmont, AL 36272",
    "phone": "(205) 447-6521"
  },
  {
    "name": "Roanoke Drive In",
    "address": "220 Randolph Country Rd 79,   Roanoke Alabama",
    "phone": "(334) 863-2444"
  },
  {
    "name": "King Drive-In Theatre",
    "address": "Hwy 43, Russellville. AL",
    "phone": "(205) 332-3619."
  },
  {
    "name": "Dead Drive-Ins",
    "address": "",
    "phone": ""
  },
  {
    "name": "THC Drive-In, Adamsville, AL",
    "address": "Rebel Drive-In, Alabaster, Al",
    "phone": "Marshall Drive-In, Albertville, Al"
  },
  {
    "name": "Ford Drive-In, Hamilton, Al",
    "address": "Goober Drive-In, Headland, Al",
    "phone": "Whitesburg Drive-In, Huntsville, Al"
  },
  {
    "name": "Sundowner Drive-In, Anchorage, Al",
    "address": "",
    "phone": ""
  },
  {
    "name": "Apache Drive-In Theatre",
    "address": "US Highway 60, Globe, AZ 85501",
    "phone": "(520) 425-4511"
  },
  {
    "name": "Glendale 9 Drive-In",
    "address": "Bethany Home Rd. &: 55th, Phoeniz, AZ",
    "phone": "(623) 939-9715"
  },
  {
    "name": "Scottsdale Six Drive-In",
    "address": "",
    "phone": ""
  },
  {
    "name": "8101 East McKellips Road, Scottsdale, AZ 85257",
    "address": "(602) 949-9451",
    "phone": ""
  },
  {
    "name": "De Anza Drive-In Theatres",
    "address": "1401 South Alvernon Way, Tucson, AZ 85711",
    "phone": "(520) 745-2240"
  },
  {
    "name": "112 Drive-In",
    "address": "",
    "phone": ""
  },
  {
    "name": "3352 North Highway 112, Fayetteville, AR 72703",
    "address": "(501) 442-4542",
    "phone": ""
  },
  {
    "name": "Stone Drive-In Theatre",
    "address": "Hwy 87, Mountain View. AR",
    "phone": "(501) 269-3227."
  },
  {
    "name": "Kenda Drive-In Theatre",
    "address": "Marshall, AR 72650",
    "phone": "(501) 448-2393"
  },
  {
    "name": "88 Drive In Theatre",
    "address": "East 88th Avenue & Rosemary Street, Commerce City, CO 80022",
    "phone": "(303) 287-7717"
  },
  {
    "name": "TRU Vu Drive In Theatre",
    "address": "1001 Highway 92, Delta, CO 81416",
    "phone": "(970) 874-9556"
  },
  {
    "name": "Comanche Drive-In",
    "address": "P.O. Box 1046, Buena Vista, CO 81211",
    "phone": ""
  },
  {
    "name": "(719) 395-2766",
    "address": "",
    "phone": ""
  },
  {
    "name": "Big Sky Drive-In",
    "address": "Hwy. 92 E.",
    "phone": "Delta, CO 81416"
  },
  {
    "name": "Rocket Drive In Theatre",
    "address": "26126 Highway 160, Durango, CO 81301",
    "phone": "(970) 247-0833"
  },
  {
    "name": "Cinderella Twin Drive-In",
    "address": "3400 South Platte River Drive, Englewood, CO 80110",
    "phone": "(303) 761-8232"
  },
  {
    "name": "Holiday Twin Drive In Theatre",
    "address": "2206 South Overland Trail, Fort Collins, CO 80526",
    "phone": "(970) 221-1244"
  },
  {
    "name": "Best Western Movie Manor",
    "address": "2830 W US 160",
    "phone": "Monte Vista, Colorado, United States, 81144"
  },
  {
    "name": "Star Drive In",
    "address": "2830 US Highway 160 East, Monte Vista, CO 81144",
    "phone": "(719) 852-2613"
  },
  {
    "name": "Star Drive In Theatre",
    "address": "600 East Miami Street, Montrose, CO 81401",
    "phone": "(970) 249-6170"
  },
  {
    "name": "Mesa Drive-In Theater",
    "address": "2620 SANTA FE DR., Pueblo, Co, 81006",
    "phone": "(719)542-3345"
  },
  {
    "name": "KAR-Vu Drive In Theatre",
    "address": "27474 US Highway 287, Springfield, CO 81073",
    "phone": "(719) 523-6262"
  },
  {
    "name": "Starlite Drive-In Theatre",
    "address": "16653 Highway 14, Sterling, CO 80751",
    "phone": "(970) 522-0211"
  },
  {
    "name": "Dead Theatres",
    "address": "",
    "phone": ""
  },
  {
    "name": "Ski Hi Drive-In, Alamosa, CO",
    "address": "Wadsworth Drive-in, 5100 Wadsworth Blvd, Arvada, CO",
    "phone": "East Drive-In, 12800 East Colfax Av. , Aurora, CO"
  },
  {
    "name": "Canyon Drive-in, Glenwood Springs, Co",
    "address": "Chief Drive-in, Grand Junction, Co",
    "phone": "Greeley Drive-In, 2522 Sunset Ln, Greeley, Co"
  },
  {
    "name": "Mansfield Drive-In Theatre",
    "address": "228 Stafford Road, Mansfield Center, CT 06250",
    "phone": "(860) 423-4441"
  },
  {
    "name": "Southington Drive-In",
    "address": "935 Meriden Waterbury Turnpike, Plantsville, CT 06479",
    "phone": "(860) 628-2205"
  },
  {
    "name": "Pleasant Valley Drive-In",
    "address": "Pleasant Valley, CT 06063",
    "phone": "(860) 379-6102"
  },
  {
    "name": "Diamond State Drive In Movies",
    "address": "Route 13, Felton, DE 19943",
    "phone": "(302)284-8307"
  },
  {
    "name": "Joy-LAN Drive-In & Swap Shop",
    "address": "16414 US Highway 301, Dade City, FL 33525",
    "phone": "(904) 567-5085"
  },
  {
    "name": "Thunderbird Drive-In Theatre (Swap/Show)",
    "address": "3295 West Sunrise Boulevard, Fort Lauderdale, FL 33311",
    "phone": "(954) 583-7733"
  },
  {
    "name": "Northside Drive-In Theatre",
    "address": "2521 North Tamiami Trail, Fort Myers, FL 33903",
    "phone": "(941) 995-2254"
  },
  {
    "name": "Playtime Triple Family Drive-In",
    "address": "6300 Blanding Boulevard, Jacksonville, FL 32244",
    "phone": "(904) 771-9939"
  },
  {
    "name": "Silver Moon Drive In Theatre",
    "address": "New Tampa Highway, Lakeland, FL 33801",
    "phone": "(941) 682-0849"
  },
  {
    "name": "Trail Drive-In Theater",
    "address": "Lake Worth Rd, Lake Worth, FL",
    "phone": "(407) 965-4518"
  },
  {
    "name": "Naples Drive In Theater",
    "address": "Davis Boulevard Extension, Naples, FL 33942",
    "phone": "(941) 774-6661"
  },
  {
    "name": "Ocala Drive In Theatre",
    "address": "4850 Southeast Pine Avenue, Ocala, FL 34471",
    "phone": "(904) 629-1325"
  },
  {
    "name": "Ruskin Drive In Theatre",
    "address": "5011 US Highway 41 North, Ruskin, FL 33572",
    "phone": "(813) 645-1455"
  },
  {
    "name": "Fun LAN Drive In Theatre",
    "address": "22nd Street & E Hillsborough Ave, Tampa, FL 33619",
    "phone": "(813) 234-2311"
  },
  {
    "name": "Dead Theatres",
    "address": "",
    "phone": ""
  },
  {
    "name": "Prairie Lake Drive-In, Altamonte Springs, FL",
    "address": "1 Drive-In, Apalachicola, FL",
    "phone": "Dale Drive-in, Auburndale, FL"
  },
  {
    "name": "Blountstown Drive-In, Blountstown, FL",
    "address": "Al's Drive-In, Bonifay, FL",
    "phone": "Bradenton, Drive-In, 2305 9th, St. West, Bradenton, FL"
  },
  {
    "name": "Gold Coast Drive-In, Deerfield Beach, FL",
    "address": "Del RAy Drive-In, Delray Beach, FL",
    "phone": "Brevard Drive-in, Eau gallie, Fl"
  },
  {
    "name": "Showtown Twin Drive-in, 6600 N. Pensacola Blvd., Pensacola, Fl",
    "address": "Twin Air Drive-in, Pensacola, Fl",
    "phone": "Graves Drive-in, Perry, Fl"
  },
  {
    "name": "Titusville Drive-In, Titusville, Fl",
    "address": "Vero Drive-In, Vero Beach Fl,",
    "phone": "Starlite Drive-In, Wanchula, Fl"
  },
  {
    "name": "Kam Drive-In Twins",
    "address": "",
    "phone": ""
  },
  {
    "name": "2 screen drive-in,",
    "address": "98-850 Moanalua Rd in Aiea, Hawaii",
    "phone": "thanks to  Jamie J. Friend (friendj@lava.net)"
  },
  {
    "name": "Terrace Drive-In Theatre",
    "address": "3701 South Lake Avenue, Caldwell, ID 83605",
    "phone": "(208) 455-1433"
  },
  {
    "name": "Spud Drive In Theatre",
    "address": "231 South State Highway 31, Driggs, ID 83422",
    "phone": "(208) 354-2727"
  },
  {
    "name": "Sunset Auto Vue Theatre",
    "address": "Mt. Idaho Road",
    "phone": "POBox 370"
  },
  {
    "name": "Family owened since 1955. Closed in '87 reopened in '98 with f.m. stereo",
    "address": "",
    "phone": ""
  },
  {
    "name": "Motor Vu Drive In",
    "address": "2095 North Yellowstone Highway, Idaho Falls, ID 83401",
    "phone": "(208) 523-3711"
  },
  {
    "name": "Sky Vu Theatre",
    "address": "3000 S Yellowstone Hwy,   Idaho Falls, ID 83402",
    "phone": "(208) 523-1085"
  },
  {
    "name": "Parma Motor Vu Drive in",
    "address": "Old Hwy,  Parma Idaho",
    "phone": "(208) 722-6401"
  },
  {
    "name": "Sunset Drive-In Thetre",
    "address": "Old Hwy 91, Pocatello, ID",
    "phone": "(208) 233-0383"
  },
  {
    "name": "Teton View Drive-in",
    "address": "668 N Hwy 33",
    "phone": "Rexburg Id, 83440"
  },
  {
    "name": "IDAN-HO Drive-In Theatre",
    "address": "U.S. Route 30, Main Street",
    "phone": "Soda Springs, ID"
  },
  {
    "name": "Grand-Vu Drive In Theater",
    "address": "Grandview Drive, Twin Falls, ID 83301",
    "phone": "(208) 733-5928"
  },
  {
    "name": "Motor-Vu Drive In Theater",
    "address": "240 Eastland Drive, Twin Falls, ID 83301",
    "phone": "(208) 733-6226"
  },
  {
    "name": "Dead Drive-Ins",
    "address": "",
    "phone": ""
  },
  {
    "name": "Motor Vu Drive-In, Blackfoot, ID",
    "address": "Broadway Drive-in, Boise, Id",
    "phone": "Fair Vu Drive-in, Maple Grove Rd, Boise, Id"
  },
  {
    "name": "Main Drive-In, Mackay, Id",
    "address": "Motor Vu Drive-In, Montpelier, Id",
    "phone": "Motor Vu Drive-In, Mountain Home, Id"
  },
  {
    "name": "Hi-Lite 30 Drive-In Theatre",
    "address": "located on Route 30 and Montgomery Rd. in Aurora, IL.",
    "phone": "(708)  898-5888."
  },
  {
    "name": "Placke's Drive-In",
    "address": "303 South Bluffs Street, Bluffs, IL 62621",
    "phone": "(217) 754-3376"
  },
  {
    "name": "Bel-Air Drive In",
    "address": "",
    "phone": ""
  },
  {
    "name": "3101 South Cicero Avenue, Chicago, IL 60650",
    "address": "(708) 656-3800",
    "phone": ""
  },
  {
    "name": "Midway Drive-In Theatre",
    "address": "Prairieville Road, Dixon, IL 61021",
    "phone": "(815) 625-4099"
  },
  {
    "name": "34 Drive In Theatre",
    "address": "Old Route 34, Earlville, IL 60518",
    "phone": "(815) 246-9700"
  },
  {
    "name": "Harvest Moon Drive-In Theatre",
    "address": "",
    "phone": ""
  },
  {
    "name": "1123 South Sangamon Avenue, Gibson City, IL 60936",
    "address": "(217) 784-8770",
    "phone": ""
  },
  {
    "name": "Cascade Drive-In Theater",
    "address": "Located 1.2 miles E of rt 59 on the North Ave (IL 64), West Chicago, IL",
    "phone": "(630) 231-3150"
  },
  {
    "name": "Hilltop Drive In Theatre",
    "address": "1800 Maple Road, Joliet, IL 60432",
    "phone": "(815) 723-6211"
  },
  {
    "name": "Skyview Drive-In",
    "address": "North Route 66, Litchfield, IL 62056",
    "phone": "(217) 324-4451"
  },
  {
    "name": "Mc Henry Indoor & Outdoor",
    "address": "1204 North Green Street, Mc Henry, IL 60050",
    "phone": "(815) 385-0144"
  },
  {
    "name": "Cicero Outdoor Theatre",
    "address": "Monee (or near it), IL",
    "phone": "(708) 534-6050, (708) 712-7469"
  },
  {
    "name": "Fairview Drive-In Theatre",
    "address": "RR 5, Newton,  IL",
    "phone": "(618) 455-3120"
  },
  {
    "name": "Green Meadows Drive-In, To reopen in 2002 as the Route 66 Drive-In!!!!!!Hwy. 34 and Rt. 4, Springfield, Il",
    "address": "(217) 546-8881",
    "phone": ""
  },
  {
    "name": "Clark Drive-In Theatre",
    "address": "U.S. 54, Summer Hill, Illinois (217)285-2805",
    "phone": ""
  },
  {
    "name": "Starlite Drive-In Theatre",
    "address": "7630 South Old State Road 37, Bloomington, IN 47403",
    "phone": "(812) 824-8036"
  },
  {
    "name": "Auburn Garrett Drive In",
    "address": "1014 State Road 8, Garrett, IN 46738",
    "phone": "(219) 357-3474"
  },
  {
    "name": "Georgetown Drive-In Theatre",
    "address": "8200 State Road 64, Georgetown, IN 47122",
    "phone": "(812) 951-2616"
  },
  {
    "name": "Huntington Drive-In Theatre",
    "address": "",
    "phone": "1291 Condit Street, Huntington, IN 46750"
  },
  {
    "name": "CTS Outdoor Theatre",
    "address": "480 South Tibbs Avenue, Indianapolis, IN 46241",
    "phone": "(317) 243-6666"
  },
  {
    "name": "Clermont Deluxe Outdoor Thtrs",
    "address": "10310 East US Highway 136, Indianapolis, IN 46234",
    "phone": "(317) 291-1560"
  },
  {
    "name": "Mel's Drive-In",
    "address": "St Rd 39 between Frankfort and Lebanon, Machanicsburg, IN",
    "phone": "(317) 325-2230"
  },
  {
    "name": "Melody Drive In Theatre",
    "address": "Rr 3, Knox, IN 46534",
    "phone": "(219) 772-2042"
  },
  {
    "name": "Linton Drive-In Theatre",
    "address": "State Road 54 East, Linton, IN 47441",
    "phone": "(812) 847-7330"
  },
  {
    "name": "Skyline Drive-In Theatre",
    "address": "State Route 17 North, Logansport, IN 46947",
    "phone": "(219) 722-1039"
  },
  {
    "name": "Holiday Drive-In",
    "address": "",
    "phone": ""
  },
  {
    "name": "Hwy. 37 S.",
    "address": "Mitchell, IN 47446",
    "phone": "(812) 849-4992"
  },
  {
    "name": "Monticello Drive-In Theatre",
    "address": "100 Rickey Road, Monticello, IN 47960",
    "phone": "(219) 583-7690"
  },
  {
    "name": "Center-Brook Drive-In Theater",
    "address": "6735 State Road 67 North, Mooresville, IN 46158",
    "phone": "(317) 831-3311"
  },
  {
    "name": "Ski-Hi Drive-In",
    "address": "1801 East State Road 28, Muncie, IN 47303",
    "phone": "(317) 284-6411"
  },
  {
    "name": "Sky-Vue Drive In Theate",
    "address": "County 500 South, New Castle, IN 47362",
    "phone": "(317) 987-7674"
  },
  {
    "name": "Tri-Way Drive-In Theatre",
    "address": "4400 Michigan Road, Plymouth, IN 46563",
    "phone": "(219) 936-7936"
  },
  {
    "name": "Holiday Drive-In Theatre Corner of Hwy 66 and 161, Rockport, IN 47635",
    "address": "(812) 649-2857",
    "phone": ""
  },
  {
    "name": "Cinema 67 Drive-In",
    "address": "(812) 829-4240",
    "phone": "Hwy 67 & 421, Spencer, IN 47460"
  },
  {
    "name": "Skyline Drive-In",
    "address": "3986 East Michigan Road, Shelbyville, IN 46176",
    "phone": "(317) 398-6150"
  },
  {
    "name": "Back to the 50's Drive-In",
    "address": "4820 W. 650 N.",
    "phone": "Thorntown, IN 46071"
  },
  {
    "name": "49'ER Drive-In Theatre",
    "address": "North State Road 49, Valparaiso, IN 46383",
    "phone": "(219) 462-6122"
  },
  {
    "name": "Bel-Air drive-in",
    "address": "337 north, state route 421,   Versailles,  Indiana",
    "phone": "Information line"
  },
  {
    "name": "13-24 Drive-In Theater",
    "address": "Located on St. Rd. 13, north of U.S. 24, Wabash, IN",
    "phone": "Phone (219) 563-5745"
  },
  {
    "name": "Shannon's Airline Auto Theatre",
    "address": "2870 East State Road 32, Winchester, IN 47394",
    "phone": "(765) 584-2545"
  },
  {
    "name": "Council Bluffs Drive-In",
    "address": "1130 West South Omaha Bridge Road, Council Bluffs, IA 51501",
    "phone": "(712) 366-0422"
  },
  {
    "name": "61 Drive-In Theatre",
    "address": "Highway 61 South, Maquoketa, IA",
    "phone": "(319)  674-4367"
  },
  {
    "name": "Valle Drive-In",
    "address": "Rr 2, Newton, IA 50208",
    "phone": "(641) 792-3558"
  },
  {
    "name": "Star-Vue Drive-In Theatre",
    "address": "72 N. State Highway 14, Anthony, Kansas.",
    "phone": "(316)842-5598."
  },
  {
    "name": "South Drive-In Theatre",
    "address": "1019 McArtor Road, Dodge City, KS 67801",
    "phone": "(316) 225-4301"
  },
  {
    "name": "Star-Vu Drive In Theater",
    "address": "Rr 1, El Dorado, KS 67042",
    "phone": "(316) 321-2444"
  },
  {
    "name": "54 Drive-In Theatre",
    "address": "Hwy 54 East,  Gas, KS",
    "phone": "316-365-7676"
  },
  {
    "name": "Twin Drive-In Theatres",
    "address": "1320 North 291 Mo.Hwy",
    "phone": "Independence, Missouri 64050"
  },
  {
    "name": "Kanopolis Drive In Theatre",
    "address": "804 North Kansas Avenue, Kanopolis, KS. 67454",
    "phone": "(785) 472-4786 (785)472-4141 (785)472-4720"
  },
  {
    "name": "Pageant Drive-In Theatre",
    "address": "E hwy 160, Medicine Lodge, KS 67104",
    "phone": "(316-886-5358)"
  },
  {
    "name": "I-70 Drive-In Theatre",
    "address": "8701 East New 40 Highway",
    "phone": "Kansas City, Missouri"
  },
  {
    "name": "Boulevard Drive-In Theatre",
    "address": "",
    "phone": ""
  },
  {
    "name": "1051 Merriam Lane, Kansas City, KS 66103",
    "address": "(913) 262-0392",
    "phone": ""
  },
  {
    "name": "Star Drive-In",
    "address": "North Highway 283, Ness City, KS 67560",
    "phone": "(913) 798-3529"
  },
  {
    "name": "Mid-Way Drive-In Theatre",
    "address": "Rr 5, Paola, KS 66071",
    "phone": "(913) 755-2325"
  },
  {
    "name": "Chisholm Trail Drive-In",
    "address": "Rr 1 Box 664, Wellington, KS 67152",
    "phone": "(316) 326-8363"
  },
  {
    "name": "Starlite Drive-In Theatre",
    "address": "3900 South Hydraulic Street, Wichita, KS 67216",
    "phone": "(316) 524-3267"
  },
  {
    "name": "Tri City Drive In",
    "address": "Highway 231 South, Beaver Dam, KY 42320",
    "phone": "(270) 274-3168"
  },
  {
    "name": "Moonlite Drive-in theatre",
    "address": "Route 11, Booneville, Ky",
    "phone": "1/2 mile south of town"
  },
  {
    "name": "Calvert Drive-In",
    "address": "Calvert City, KY 42029",
    "phone": "(270) 395-4660"
  },
  {
    "name": "Corbin Drive-In Theatre",
    "address": "1311 18th Street, Corbin, KY 40701",
    "phone": "(606) 528-6848"
  },
  {
    "name": "Franklin Drive-In Theatre",
    "address": "6250 Nashville Road, Franklin, KY 42134",
    "phone": "(877) 586-1905"
  },
  {
    "name": "Twin Hills Drive-In Theatre",
    "address": "",
    "phone": ""
  },
  {
    "name": "1785 Louisville, Rd",
    "address": "Harrodsburg, Ky 40330",
    "phone": "(859) 734-3474"
  },
  {
    "name": "Starlite Drive-In",
    "address": "2530 U.S.60 East, Henderson, KY",
    "phone": "(270) 827-5418"
  },
  {
    "name": "irvington, Drive-in, U.S. 60 East, Irvington, Ky 270-756-2883",
    "address": "",
    "phone": ""
  },
  {
    "name": "Jeramiah Drive-In",
    "address": "Isom, Ky",
    "phone": ""
  },
  {
    "name": "Kenwood Drive-In Theatre",
    "address": "7001 Southside Drive, Louisville, KY 40214",
    "phone": "(502) 368-6454"
  },
  {
    "name": "Judy Drive In Theatre",
    "address": "4078 Maysville Road, Mount Sterling, KY 40353",
    "phone": "(606) 498-1960"
  },
  {
    "name": "Knox Drive In",
    "address": "514 West Vine Street, Radcliff, KY 40160",
    "phone": "(502) 351-3831 and 351-6020"
  },
  {
    "name": "27 Drive-In Theatre",
    "address": "South Highway 27, Somerset, KY 42501",
    "phone": "(606) 679-4738"
  },
  {
    "name": "Bourbon Drive In TheatreJackstown Road, Paris, KY 40361",
    "address": "(606) 987-2935",
    "phone": ""
  },
  {
    "name": "Stanford Drive In Theatre",
    "address": "Hwy 78 West, Stanford, Kentucky - 1-1/2 miles west of Stanford on Hwy. 78",
    "phone": "(606)365-1317"
  },
  {
    "name": "Mountain View Drive-In Theatre",
    "address": "1327 East College Avenue, Stanton, KY 40380",
    "phone": "(606) 663-9988"
  },
  {
    "name": "Skyline Drive-In",
    "address": "Summersville, KY  (270) 932-2800",
    "phone": ""
  },
  {
    "name": "Sky View Drive-In",
    "address": "Celina Road, Tompkinsville, KY 42167",
    "phone": "(502) 487-5359"
  },
  {
    "name": "Dixie Drive-In Theater",
    "address": "Williamsburg, KY 40769",
    "phone": "(606) 549-0272"
  },
  {
    "name": "Shy-Vue Twin Drive-In Theatre",
    "address": "Lexington Rd, Winchester, Ky 40391",
    "phone": "(606) 744-6663"
  },
  {
    "name": "Lafitte Drive-in, Abbeville, La",
    "address": "Showtown Twin Drive-In, Alexandria, La",
    "phone": "St. Bernard Drive-in, Arabi, La"
  },
  {
    "name": "Bridgton Drive-In",
    "address": "Rte. 302 Bridgton, Me",
    "phone": "(207) 647-8666."
  },
  {
    "name": "Skylite Drive-In",
    "address": "Madawaska, Maine (way up North).",
    "phone": "207-728-7583"
  },
  {
    "name": "Saco Drive-In",
    "address": "Rr 1, Saco, ME 04072",
    "phone": "(207) 284-1016"
  },
  {
    "name": "Skowhegan Drive-In Theatre",
    "address": "East Front, Skowhegan, ME 04976",
    "phone": "(207) 474-9277"
  },
  {
    "name": "Pride's Corner Drive-In",
    "address": "651 Bridgton Road, Westbrook, ME 04092",
    "phone": "(207) 797-3154"
  },
  {
    "name": "Leicester Drive In Theater",
    "address": "1675 Main Street, Leicester, MA 01524",
    "phone": "(508) 892-4400"
  },
  {
    "name": "The Mendon Twin Drive-In",
    "address": "Phone (508) 473-4958",
    "phone": "45 Milford Street"
  },
  {
    "name": "Mohawk Drive-In Theater",
    "address": "Phone: (508) 632-2818",
    "phone": "Located  on Rt. 2a, Gardner, MA."
  },
  {
    "name": "Tri-town Drive-In Theater",
    "address": "Phone: (978) 345-5062",
    "phone": ""
  },
  {
    "name": "3 Youngs Road",
    "address": "Fitchburg, MA 01420",
    "phone": ""
  },
  {
    "name": "Northfield Drive-in Theater",
    "address": "Northfield - Hinsdale Road (Rte. 63)",
    "phone": "603-239-4054"
  },
  {
    "name": "Wellfleet Drive-In Theatre",
    "address": "51 Route 6, South Wellfleet, MA 02663",
    "phone": "(508) 349-7176"
  },
  {
    "name": "Dead Drive-Ins",
    "address": "",
    "phone": ""
  },
  {
    "name": "Hoosac Drive-in, 199 Howland Ave. Adams, Ma",
    "address": "Auburn Drive-in, Auburn, Ma",
    "phone": "Avon Drive-in, Avon, Ma"
  },
  {
    "name": "Somerset Family Drive-In, Somerset, Ma",
    "address": "Red Rock Drive-in, Southampton, Ma",
    "phone": "The Sutton Motor-In,"
  },
  {
    "name": "Wamesit Drive-In, Tewksbury, Ma",
    "address": "tyngsboro Drive-In, Tyngsboro, Ma",
    "phone": "Quaker Drive-In, Uxbridge, Ma"
  },
  {
    "name": "Bengies Drive-In Theatre",
    "address": "3417 Eastern Boulevard, Baltimore, MD 21220",
    "phone": "(410) 687-5627"
  },
  {
    "name": "Bel Air Drive-In Theatre",
    "address": "3035 Churchville Road, Churchville, MD 21028",
    "phone": "(410) 734-7788"
  },
  {
    "name": "",
    "address": "",
    "phone": ""
  },
  {
    "name": "Dead Drive-Ins",
    "address": "",
    "phone": ""
  },
  {
    "name": "Monocacy Drive-In, 19 W. Mt. Royal Av. Baltimore, Md",
    "address": "North Point Drive-In, 4001 North Point Blvd., Baltimore, MD",
    "phone": "Beltsville Drive-in, Beltsville, Md"
  },
  {
    "name": "Cottage View Drive In",
    "address": "9338 East Point Douglas Road South, Cottage Grove, MN 55016",
    "phone": "(651) 458-5965"
  },
  {
    "name": "75 Hi Drive-In Theater",
    "address": "Hallock, MN",
    "phone": "Need phone #"
  },
  {
    "name": "VALI-Hi Drive In Theatre",
    "address": "11260 Hudson Boulevard North, Lake Elmo, MN 55042",
    "phone": "(612) 436-7464"
  },
  {
    "name": "Verne Drive-In Theater",
    "address": "",
    "phone": ""
  },
  {
    "name": "1607 1/2 S Kniss Ave, Luverne MN 56156 (1/4 mile south of I-90",
    "address": "on Highway 75) (507)-283-0007 reopened July 28th 2,000",
    "phone": ""
  },
  {
    "name": "Starlite Drive-in Theatre",
    "address": "Litchfield, Mn",
    "phone": "Hwy 22 near Hwy 12 just west of Litchfield Mn"
  },
  {
    "name": "Long Drive-In",
    "address": "Highway 71 North, Long Prairie, MN 56347",
    "phone": "(612) 732-3142"
  },
  {
    "name": "65 Hi Drive In Theatre",
    "address": "10100 Central Avenue Northeast, Minneapolis, MN 55434",
    "phone": "(612) 780-3063"
  },
  {
    "name": "Sky Vu Drive-In Theater",
    "address": "",
    "phone": ""
  },
  {
    "name": "HWY 1, Warren, MN, 218-745-4161.",
    "address": "",
    "phone": ""
  },
  {
    "name": "Dead Drive-Ins",
    "address": "",
    "phone": ""
  },
  {
    "name": "Rainbow Drive-in, Aitking, Mn",
    "address": "Starlite Drive-in, Ablerta Lea, Mn",
    "phone": "Sunset Drive-in, Alexandria, Mn"
  },
  {
    "name": "Guntown Drive In Movie",
    "address": "124 Rd 773, Guntown, MS 38849",
    "phone": "(601) 348-5767"
  },
  {
    "name": "The Beverly Drive-In Theatre",
    "address": "Hwy 49 Hattisburg, Ms",
    "phone": "1 screen"
  },
  {
    "name": "Iuka Drive-In Theatre",
    "address": "West Quitman Street, Iuka, MS 38852",
    "phone": "(601) 423-2153"
  },
  {
    "name": "Pontotoc Drive-In Theater",
    "address": "440 Hwy 6 West, Pontotoc, MS",
    "phone": "(601) 489-0093"
  },
  {
    "name": "Dead Drive-Ins",
    "address": "",
    "phone": ""
  },
  {
    "name": "Sunset Drive-in, Amory, Ms",
    "address": "Trace Drive-in, Amory, Ms",
    "phone": "Starlite Drive-In, Belmont, Ms"
  },
  {
    "name": "Sunset Drive-In Theatre",
    "address": "1601 East Church St.  Aurora, MO",
    "phone": "(417) 678-6609"
  },
  {
    "name": "Starlite Drive-In",
    "address": "",
    "phone": ""
  },
  {
    "name": "Rr 2, Cadet, MO 63630",
    "address": "(888) 21-MOVIE or (314) 438-4974",
    "phone": ""
  },
  {
    "name": "Hwy 19 Drive-In",
    "address": "hwy 19 north, Cuba MO",
    "phone": "located just north of I44"
  },
  {
    "name": "66 Drive-In Theatre",
    "address": "17231 OLD 66 BOULEVARD",
    "phone": "CARTHAGE, MISSOURI  64836"
  },
  {
    "name": "21 Drive-in Theater Ellington, Mo, (573) 945-2121",
    "address": "",
    "phone": ""
  },
  {
    "name": "Sunset Drive-In",
    "address": "16657 Hwy. B",
    "phone": "Houston, MO 65483"
  },
  {
    "name": "Twin Drive-In Theater",
    "address": "291 East Kentucky Road, Independence, MO 64053",
    "phone": "(816) 257-2234"
  },
  {
    "name": "I-70 Drive In Theatre",
    "address": "8701 East US Highway 40, Kansas City, MO 64129",
    "phone": "(816) 861-0500"
  },
  {
    "name": "Sixty-Third Street Drive-In",
    "address": "8200 East 63rd Street, Kansas City, MO 64133",
    "phone": "(816) 353-1628"
  },
  {
    "name": "Barco Drive-In Theatre",
    "address": "57 Southeast 25th Lane, Lamar, MO 64759",
    "phone": "(417) 682-2434"
  },
  {
    "name": "Macon Drive In Theatre",
    "address": "Highway 63 South, Macon, MO 63552",
    "phone": "(816) 385-3417"
  },
  {
    "name": "Moberly five and drive",
    "address": "HWY 63, Moberly, MO",
    "phone": "the office number is 660-263-8100 and"
  },
  {
    "name": "Owen's Drive-In Theater",
    "address": "1 Owen Dr.",
    "phone": "Seymour, MO 65746"
  },
  {
    "name": "Pine Hill Drive In Theatre",
    "address": "Rr 2, Piedmont, MO 63957",
    "phone": "(314) 223-2420"
  },
  {
    "name": "North Twin Drive-In Theatre",
    "address": "9425 Lewis And Clark Boulevard, Saint Louis, MO 63136",
    "phone": "(314) 867-6600"
  },
  {
    "name": "Sedalia Drive-In Theater",
    "address": "Sedalia, MO 65301",
    "phone": "(660) 829-4000"
  },
  {
    "name": "Dead Drive-Ins",
    "address": "",
    "phone": ""
  },
  {
    "name": "Killarney Drive-in, Arcadia, Mo",
    "address": "Frontier Drive-in, Bethany, Mo",
    "phone": "Lucky 13 Drive-In, Bolivar, Mo"
  },
  {
    "name": "Silver Bow Twin Drive-In",
    "address": "Butte, MT 59701",
    "phone": "(406) 782-8095"
  },
  {
    "name": "Midway Drive In Theatre",
    "address": "Junction of Highway 2 & 40, Columbia Falls, MT 59912",
    "phone": "(406) 892-4515"
  },
  {
    "name": "Midway Drive In Theatre",
    "address": "120 2nd Street East, Kalispell, MT 59901",
    "phone": "(406) 752-7800"
  },
  {
    "name": "Westernaire Drive-In Theatre",
    "address": "It is off of Hwy 87 to Great Falls, Lewistown, Montana",
    "phone": "Built in 1944. The owners name is Juanita Campbell"
  },
  {
    "name": "Libby Drive-In Theatre",
    "address": "",
    "phone": ""
  },
  {
    "name": "Libby, MT",
    "address": "(406) 293-5742",
    "phone": ""
  },
  {
    "name": "SUNSET DRIVE-IN.",
    "address": "highway 16 1 mile east of Plentywood, Mt. 59254.",
    "phone": "The owners are Gordon and Emily Nielsen.  The drive-in was opened in 1952"
  },
  {
    "name": "Prairie Drive-In Theatre",
    "address": "East of Terry, Terry, MT 59349",
    "phone": "(406) 637-5793"
  },
  {
    "name": "Sand Hills Drive In Alliance Ne",
    "address": "",
    "phone": ""
  },
  {
    "name": "Kearney Drive-In Theatre",
    "address": "End of East 28th Street, Kearney, NE 68847",
    "phone": "(308) 237-2783"
  },
  {
    "name": "Drive-In Theater",
    "address": "Long Pine, NE",
    "phone": "1 screen with radio sound"
  },
  {
    "name": "Starlite Drive-In Theatre",
    "address": "Hwy. 275 E, Neligh, NE (402) 887-5021",
    "phone": "AM radion sound"
  },
  {
    "name": "Century LasVegas 6 Drive In Theatre",
    "address": "",
    "phone": ""
  },
  {
    "name": "4158 Smoke Ranch Road, North Las Vegas, NV 89030",
    "address": "(702) 646-3565",
    "phone": "Open Year-Round, 6 Screens,"
  },
  {
    "name": "El Rancho Drive In Theatre",
    "address": "555 El Rancho Drive, Sparks, NV 89431",
    "phone": "(702) 358-6920"
  },
  {
    "name": "Dead Drive-Ins",
    "address": "",
    "phone": ""
  },
  {
    "name": "Elko Notor Vu Drive-in, Elko, NV",
    "address": "Motor Vu Drive-In, Ely, Nv",
    "phone": "Roper Drive-In, Fallon, Nv"
  },
  {
    "name": "Northfield Drive-In Theatre",
    "address": "",
    "phone": ""
  },
  {
    "name": "Northfield Road, Hinsdale, NH 03451",
    "address": "(603) 239-4054",
    "phone": "Built 1948"
  },
  {
    "name": "Weirs Drive-In Theatre",
    "address": "Laconia, NH 03246",
    "phone": "(603) 366-4723"
  },
  {
    "name": "Milford Drive-In Theatre",
    "address": "Route 101A West, Milford, NH 03055",
    "phone": "(603) 673-4090"
  },
  {
    "name": "Meadows drive-in",
    "address": "Hwy. 135",
    "phone": "Woodsville, NH 03785"
  },
  {
    "name": "Dead Drive-Ins",
    "address": "",
    "phone": ""
  },
  {
    "name": "Bedford Grove Drive-In, Bedford, Nh",
    "address": "Skyhi Drive-In, Boscawen, Nh",
    "phone": "Claremont Drive-In, Claremont, Nh"
  },
  {
    "name": "Keene Drive-In, Keene, Nh",
    "address": "Weirs Drive-In, Laconia, Nh",
    "phone": "Litchfield Drive-in, Litchfield, Nh"
  },
  {
    "name": "Delsea Drive-In",
    "address": "",
    "phone": ""
  },
  {
    "name": "2203 S Delsea Dr.",
    "address": "Vineland, NJ 08360",
    "phone": "(856) 696-0011"
  },
  {
    "name": "Fly-In Drive-In, Allenwood, Nj",
    "address": "Atco Drive-in, Atco, Nj",
    "phone": "Super 130 Drive-in, Beverly, Nj"
  },
  {
    "name": "Fiesta Drive-In Theatre",
    "address": "401 W. Fiesta Dr, Carlsbad, NM",
    "phone": "(505) 855-4126"
  },
  {
    "name": "Apache Drive-In",
    "address": "1411 W. Apache St.",
    "phone": "Farmington, NM 87401"
  },
  {
    "name": "Fort Union Drive In",
    "address": "3300 7th Street, Las Vegas, NM 87701",
    "phone": "(505) 425-9934"
  },
  {
    "name": "85 Drive-in, 1391 2nd St.",
    "address": "Raton, NM 87740",
    "phone": "(505) 445-3672"
  },
  {
    "name": "Dead Drive-Ins",
    "address": "",
    "phone": ""
  },
  {
    "name": "Starlite Drive-In, Alamogordo, Nm",
    "address": "Yucca Drive-in, Alamogordo, Nm",
    "phone": "Albuquerque 6 Drive-in, Albuquerque, Nm"
  },
  {
    "name": "Starlight Drive-In, Roswell, Nm",
    "address": "Mt. Vue Drive-In, Ruidoso Downs, Nm",
    "phone": "Pueblo Drive-In, Santa Fe, Nm"
  },
  {
    "name": "Bay Drive-In Theatre",
    "address": "Route 26, Alexandria Bay, NY 13607",
    "phone": "(315) 482-3874"
  },
  {
    "name": "Allegany Drive-In",
    "address": "State Road, Allegany, NY 14706",
    "phone": "(716) 372-3582"
  },
  {
    "name": "Grandview Drive-In",
    "address": "Route 5,  Angola, New York",
    "phone": "716-549-2450"
  },
  {
    "name": "Hollywood Drive-In Theater",
    "address": "9254 NY (Route 66 Averill Park Rd)",
    "phone": "Averill Park, NY 12018"
  },
  {
    "name": "",
    "address": "",
    "phone": ""
  },
  {
    "name": "Finger Lakes Drive-In",
    "address": "Clark Street Road, Auburn, NY 13021",
    "phone": "(315) 252-3969"
  },
  {
    "name": "East Avon Vintage Drive-in",
    "address": "Route 15, East Avon NY",
    "phone": "716/226-9290"
  },
  {
    "name": "Malta Drive-In Theatre",
    "address": "Route 9, Ballston Spa, NY 12020",
    "phone": "(518) 587-6077"
  },
  {
    "name": "Bath Drive-In Theater",
    "address": "Lake Road, Bath, NY 14810",
    "phone": "(607) 776-3191"
  },
  {
    "name": "Buffalo Drive-In Theater",
    "address": "3085 Harlem Road, Buffalo, NY 14225",
    "phone": "(716) 893-0406"
  },
  {
    "name": "Hi-Way Drive-In Theatre",
    "address": "Route 9 West, Coxsackie, NY 12051",
    "phone": "(518) 731-8672"
  },
  {
    "name": "Delevan Drive-In Theatre",
    "address": "Route 16, Delevan, NY 14042",
    "phone": "(716) 496-5660"
  },
  {
    "name": "Elmira Drive-In Theatre",
    "address": "State Rt. 352,  Elmira, NY",
    "phone": "(607) 734-8599"
  },
  {
    "name": "Glen Drive-In Theatre",
    "address": "Lake George Road, Glens Falls, NY 12804",
    "phone": "(518) 792-0023"
  },
  {
    "name": "Greenville Drive-In Theatre",
    "address": "Route 32, Greenville, NY 12083",
    "phone": "(518) 966-8990"
  },
  {
    "name": "Mountain Drive-In Theatre",
    "address": "Route 296, Hunter, NY 12442",
    "phone": "(518) 263-4469"
  },
  {
    "name": "Hyde Park Drive-In Theater",
    "address": "Rr 9, Hyde Park, NY 12538",
    "phone": "(914) 229-2000"
  },
  {
    "name": "Valley Brook Drive In",
    "address": "Burdicks XING, Lyons Falls, NY 13368",
    "phone": "(315) 348-6315"
  },
  {
    "name": "Transit Drive-In Theatre",
    "address": "Transit Rd, Lockport, NY",
    "phone": "(716) 625-8535"
  },
  {
    "name": "Fifty-Six Auto Theatre",
    "address": "Andrews Street Road, Massena, NY 13662",
    "phone": "(315) 764-1250"
  },
  {
    "name": "Sunset Drive-In",
    "address": "Telegraph Road, Middleport, NY 14105",
    "phone": "(716) 735-7372"
  },
  {
    "name": "Fair Oaks Drive In Theater",
    "address": "Route 17M, Middletown, NY 10940",
    "phone": "(914) 361-5774"
  },
  {
    "name": "Hathaway's Drive-In Theatre",
    "address": "Rt. 67, North Hoosick, NY",
    "phone": "(518) 686-7768"
  },
  {
    "name": "Midway Drive In Theatre",
    "address": "Route 48 (West River Rd), Minetto, NY 13115",
    "phone": "Half way between Oswego and Fulton"
  },
  {
    "name": "El Rancho Drive In",
    "address": "Route 5, Palatine Bridge, NY 13428",
    "phone": "(518) 673-3515"
  },
  {
    "name": "Silver Lake Drive In Theatre",
    "address": "Chapman Avenue, Perry, NY 14530",
    "phone": "(716) 237-3372"
  },
  {
    "name": "Portville Drive-In",
    "address": "Route 17, Portville, NY 14770",
    "phone": "(716) 933-8750"
  },
  {
    "name": "Overlook Drive-In Theatre Incorporated",
    "address": "Overlook Road, Poughkeepsie, NY 12603",
    "phone": "(914) 452-3445"
  },
  {
    "name": "West Rome Drive-In Theater",
    "address": "Upper West Dominick, Rome, NY 13440",
    "phone": "(315) 336-9440"
  },
  {
    "name": "Jericho Drive In Theatre",
    "address": "Highway 9W & Jericho Road, Selkirk, NY 12158",
    "phone": "(518) 767-3398"
  },
  {
    "name": "Unadilla Drive-In Theatre",
    "address": "Unidilla and Wellsbridge, Unadilla, NY",
    "phone": "(607) 369-2000"
  },
  {
    "name": "Warwick Drive-In Theatre",
    "address": "Warwick Turnpike, Warwick, NY 10990",
    "phone": "(914) 986-4440"
  },
  {
    "name": "Lin-Ray Drive In Incorporated",
    "address": "Andover Road, Wellsville, NY 14895",
    "phone": "(716) 593-3833"
  },
  {
    "name": "Dead Drive-Ins",
    "address": "",
    "phone": ""
  },
  {
    "name": "Orleans Drive-In, Albion, Ny",
    "address": "Carman Drive-in, Amsterdam, Ny",
    "phone": "East Drive-in, Auburn, Ny"
  },
  {
    "name": "Lockport Drive-in, Gasport, Ny",
    "address": "Aust Drive-in, Glen Falls, Ny",
    "phone": "Hi Way Drive-In, Gouverneur, Ny"
  },
  {
    "name": "Badin Road Drive In Theatre",
    "address": "2411 Badin Road, Albemarle, NC 28001",
    "phone": "(704) 983-4882"
  },
  {
    "name": "Belmont Drive-In Theatre",
    "address": "314 McAdenville Road, Belmont, NC 28012",
    "phone": "(704) 825-6044"
  },
  {
    "name": "Starlite Drive-In Theater  2523 E. Club Blvd.",
    "address": "Durham, NC 27704",
    "phone": "(919) 688-1037"
  },
  {
    "name": "Eden Drive-In",
    "address": "106 Fireman Club Rd.",
    "phone": "Eden, N.C. 27288"
  },
  {
    "name": "Fort Drive-In Theatre 1 2 & 3",
    "address": "Sycamore Square, Fayetteville, NC 28303",
    "phone": "(910) 867-4517"
  },
  {
    "name": "Tri-City Drive-In Theatre",
    "address": "North State Rd, Forest City, NC",
    "phone": "(828) 245-0071"
  },
  {
    "name": "Raleigh Road Outdoor Theatre",
    "address": "Raleigh Road, Henderson, NC 27536",
    "phone": "(252) 438-6959"
  },
  {
    "name": "Bessemer City Drive-In Theatre",
    "address": "Bessemer City Road, Kings Mountain, NC 28086",
    "phone": "(704) 739-2150"
  },
  {
    "name": "Bright Leaf Drive In Theatre",
    "address": "Highway 52 North, Mount Airy, NC 27030",
    "phone": "(910) 786-5494"
  },
  {
    "name": "Sunset Drive-in",
    "address": "3935 West Dixon Boulevard, Shelby,  NC",
    "phone": "Phone #:       1-704-434-7782"
  },
  {
    "name": "Waynesville Drive In Theatre",
    "address": "1823 Asheville Road, Waynesville, NC 28786",
    "phone": "(704) 456-3562"
  },
  {
    "name": "Lake Park Drive-In Theatre",
    "address": "Hwy 2 North, Williston, ND",
    "phone": "(701) 572-9137"
  },
  {
    "name": "Dead Drive-Ins",
    "address": "",
    "phone": ""
  },
  {
    "name": "Starlite Drive_in, Bismarck, Nd",
    "address": "Sundowner Drive-in, Bowman, Nd",
    "phone": "Starnite Drive-In, Cavalier, Nd"
  },
  {
    "name": "Starlite Drive-In Theatre",
    "address": "2255 Ohio Pike, Amelia, OH 45102",
    "phone": "(513) 734-4001"
  },
  {
    "name": "Pymatuning Lake Drive-In",
    "address": "State Route 7 & Marvin Road, Andover, OH 44003",
    "phone": "(216) 293-7757"
  },
  {
    "name": "Magic City Drive-In",
    "address": "5602 Cleveland Massillon Road, Barberton, OH 44203",
    "phone": "(216) 825-4333"
  },
  {
    "name": "Melody 49 Drive In Theatre",
    "address": "",
    "phone": ""
  },
  {
    "name": "7606 Pleasant Plains Road, Brookville, OH 45309",
    "address": "(513) 833-8015",
    "phone": ""
  },
  {
    "name": "Lake Drive-In Theatre",
    "address": "8477 State Route 703, Celina, OH 45822",
    "phone": "(419) 394-4296"
  },
  {
    "name": "Mayfield Road Drive-In Theatre",
    "address": "12010 Mayfield Road, Chardon.",
    "phone": "(440) 286-7173"
  },
  {
    "name": "Oakley Drive In Theater",
    "address": "5033 Madison Road, Cincinnati, OH 45227",
    "phone": "(513) 271-4600"
  },
  {
    "name": "Memphis Drive-In Theatre",
    "address": "10543 Memphis Avenue, Cleveland, OH 44144",
    "phone": "(216) 941-2892"
  },
  {
    "name": "South Drive In Theatre",
    "address": "3050 South High Street, Columbus, OH 43207",
    "phone": "(614) 491-6771"
  },
  {
    "name": "Kingman Drive In Theatre",
    "address": "229 Cheshire Road, Delaware, OH 43015",
    "phone": "(740) 548-4202"
  },
  {
    "name": "Aut-o-Rama Outdoor Theatre",
    "address": "33395 Lorain Road, Elyria, OH 44039",
    "phone": "(440) 327-9595"
  },
  {
    "name": "Kanauga Drive-In Theatre",
    "address": "1483 State Route 7 North, Gallipolis, OH 45631",
    "phone": "(740) 446-1088"
  },
  {
    "name": "Ranch Drive-In Theatre",
    "address": "12646 Centerfield Rd. Greenfield, OH",
    "phone": "(513) 981-7100"
  },
  {
    "name": "Holiday Auto Theatre",
    "address": "1816 Old Oxford Road, Hamilton, OH 45013",
    "phone": "(513)929-2999"
  },
  {
    "name": "Stardust Drive In",
    "address": "174 Athens Street, Jackson, OH 45640",
    "phone": "(740) 286-8678"
  },
  {
    "name": "Hi Road Drive In",
    "address": "8059 State Route 68, Kenton, OH 43326",
    "phone": "(419) 675-0922"
  },
  {
    "name": "Skyview Cruise-In Theater",
    "address": "2420 East Main St. (Rt. 22)",
    "phone": "Lancaster, Ohio 43130"
  },
  {
    "name": "Springmill Drive-In Theatre",
    "address": "1040 Springmill Street, Mansfield, OH 44906",
    "phone": "(419) 747-2156"
  },
  {
    "name": "Sunset Drive-In Theatre",
    "address": "4018 Park Av. W,  Mansfield, OH",
    "phone": "(419) 529-5986"
  },
  {
    "name": "Starlight Drive In Theatre",
    "address": "1889 State Route 127, Maria Stein, OH 45860(419) 925-4944",
    "phone": ""
  },
  {
    "name": "Park Layne Drive In Theatre",
    "address": "",
    "phone": ""
  },
  {
    "name": "2550 South Dayton-Lkvw Road, Medway, OH 45341",
    "address": "(513) 849-0551",
    "phone": ""
  },
  {
    "name": "Van-Del Drive-In",
    "address": "19986 Lincoln Highway, Middle Point, OH 45863",
    "phone": "(419) 968-2178"
  },
  {
    "name": "Star View Drive-In",
    "address": "2083 US Highway 20 West, Norwalk, OH 44857",
    "phone": "(419) 668-1819"
  },
  {
    "name": "Midway Drive-In Theatre",
    "address": "State Rt. 59, Ravenna, OH",
    "phone": "(216) 296-9829"
  },
  {
    "name": "40 East Auto Theatre",
    "address": "8659 East Main Street, Reynoldsburg, OH 43068",
    "phone": "(614) 861-2665"
  },
  {
    "name": "East Bend Drive-In",
    "address": "Hwy. 125",
    "phone": "Russelville, OH 45168"
  },
  {
    "name": "",
    "address": "",
    "phone": ""
  },
  {
    "name": "Lynn Auto Theatre",
    "address": "Rr 1, Strasburg, OH 44680",
    "phone": "330-878-5797"
  },
  {
    "name": "Sandusky Drive-In Theater",
    "address": "3711 Cleveland Road, Sandusky, OH 44870",
    "phone": "(419) 626-2748"
  },
  {
    "name": "Auto Vue Drive-In Theatre",
    "address": "1409 4th Avenue, Sidney, OH 45365",
    "phone": "(513) 492-5909"
  },
  {
    "name": "Melody Cruise In Drive In",
    "address": "4025 East National Road, Springfield, OH 45505",
    "phone": "(513) 324-5486"
  },
  {
    "name": "Springfield Drive In",
    "address": "E. Main St.  Springfield, OH",
    "phone": "Twin Screen"
  },
  {
    "name": "Ridgeway Drive Theatre",
    "address": "10721 Lincoln Highway, Van Wert, OH 45891",
    "phone": "(419) 238-2100"
  },
  {
    "name": "Winter Drive-In Theatre",
    "address": "400 Luray Drive, Wintersville, OH",
    "phone": "INFO LINE:  740/266-9020"
  },
  {
    "name": "Tiffin Drive-In Theatre",
    "address": "4041 North State Route 53, Tiffin, OH 44883",
    "phone": "(419) 447-2551"
  },
  {
    "name": "Sundance Kid Drive-In Theatre",
    "address": "",
    "phone": ""
  },
  {
    "name": "4550 Navarre Avenue, Toledo, OH 43616",
    "address": "(419) 691-9668",
    "phone": ""
  },
  {
    "name": "Dixie Drive-In Theatre",
    "address": "6201 North Dixie Drive, Vandalia, OH 45377",
    "phone": "(513) 890-5513"
  },
  {
    "name": "Blue Sky Drive In Theater",
    "address": "959 Broad Street, Wadsworth, OH 44281",
    "phone": "(216) 334-1809"
  },
  {
    "name": "Skyway Drive-In Theatre",
    "address": "1805 North Leavitt Road Northwest, Warren, OH 44485",
    "phone": "(216) 898-3059"
  },
  {
    "name": "Elm Road Twin Drive-In Theatre",
    "address": "Warren,  OH",
    "phone": "Phone (330) 372-9732"
  },
  {
    "name": "Wilmington Drive-In",
    "address": "1129 N. Route 134",
    "phone": "Wilmington, OH 45177"
  },
  {
    "name": "Dead Drive-Ins",
    "address": "",
    "phone": ""
  },
  {
    "name": "Riverside Drive-in, Aberdeen, Oh",
    "address": "Ascot Auto Theatre, Akron, Oh",
    "phone": "Gala Drive-in, Akron, Oh"
  },
  {
    "name": "Chief Drive-In Theatre",
    "address": "4400 South 4th street, Chickasha, OK 73018",
    "phone": "(405) 224-1515"
  },
  {
    "name": "Beacon Drive In Theatre",
    "address": "2404 South Division Street, Guthrie, OK 73044",
    "phone": "(405) 282-4512"
  },
  {
    "name": "Cinema 69 Theatres",
    "address": "1116 South George Nigh Expressway, Mc Alester, OK 74501",
    "phone": "(918) 423-4353"
  },
  {
    "name": "Winchester Drive-In",
    "address": "",
    "phone": ""
  },
  {
    "name": "6930 South Western Avenue, Oklahoma City, OK 73139",
    "address": "(405) 631-8851",
    "phone": ""
  },
  {
    "name": "Airline Drive-In",
    "address": "1900 West Highland Avenue, Ponca City, OK 74601",
    "phone": "580-762-4888"
  },
  {
    "name": "Poteau Theaters/Tower Drive-In",
    "address": "",
    "phone": ""
  },
  {
    "name": "Hwy 271 N",
    "address": "Poteau, OK  74953",
    "phone": "918 647-2900 (office)"
  },
  {
    "name": "Tee Pee Drive-In",
    "address": "Sapulpa, OK",
    "phone": "918-224-1853"
  },
  {
    "name": "Tahlequah Drive-In Theatre",
    "address": "Highway 82 North, Tahlequah, OK 74464",
    "phone": "(918) 456-4015"
  },
  {
    "name": "Admiral Twin Drive-In",
    "address": "",
    "phone": ""
  },
  {
    "name": "7355 East Easton Street, Tulsa, OK 74115",
    "address": "(918) 835-5181",
    "phone": ""
  },
  {
    "name": "66 West Twin Drive-in",
    "address": "Hwy. 66",
    "phone": "Weatherford, OK 73096"
  },
  {
    "name": "Dead Drive-Ins",
    "address": "",
    "phone": ""
  },
  {
    "name": "Oak Hills Drive-In, Ada, Ok",
    "address": "Altus Drive-In, Altus, Ok",
    "phone": "Stadium Drive-In, Alva, Ok"
  },
  {
    "name": "Phone (405) 631-1600",
    "address": "8 se 59th street, Oklahoma City, OK.",
    "phone": "Sooner Twin Drive-In, Oklahoma city, Ok"
  },
  {
    "name": "Frontier Drive In",
    "address": "28569 Redwood Highway, Cave Junction, OR 97523",
    "phone": "(541) 592-3700"
  },
  {
    "name": "Motor-Vu Drive-In Dallas",
    "address": "315 Southeast Fir Villa Road, Dallas, OR 97338",
    "phone": "(503) 623-4449"
  },
  {
    "name": "Hermiston Drive-In Theatre",
    "address": "Hwy 395, Hermiston, OR",
    "phone": "(503) 567-1556"
  },
  {
    "name": "Trail Twin Indoor Outdoor",
    "address": "Tucker Road, Hood River, OR 97031",
    "phone": "(541) 386-1666"
  },
  {
    "name": "Wilderness Outdoor Theatre",
    "address": "Highway 395 West, John Day, OR 97845",
    "phone": "(541) 575-1400"
  },
  {
    "name": "Starlite Indoor & Outdoor",
    "address": "400 Grant Smith Road, Roseburg, OR 97470",
    "phone": "(541) 679-6341"
  },
  {
    "name": "Motorvu Drive-In Theatre",
    "address": "South Santiam Highway, Lebanon, OR 97355",
    "phone": "(541) 258-5432"
  },
  {
    "name": "K & D Drive-In Theatre",
    "address": "SW Hwy 97, Madras, OR",
    "phone": "(503) 475-3507"
  },
  {
    "name": "M & F Drive-In Theatre",
    "address": "New Valla Valla Hwy, Nilton-Freewater, OR",
    "phone": "(503) 938-4327"
  },
  {
    "name": "Ninety-Nine West Drive-In",
    "address": "Portland Road, Newberg, OR 97132",
    "phone": "(503) 538-2738"
  },
  {
    "name": "Woodburn Drive-In Theater",
    "address": "1970 Molalla Road, Woodburn, OR 97071",
    "phone": "(503) 982-7551"
  },
  {
    "name": "Kane RD Drive-In",
    "address": "3001 Kane Road, Aliquippa, PA 15001",
    "phone": "(724) 378-1970"
  },
  {
    "name": "Moonlite Drive-In Theatre",
    "address": "Rt 322, Brookville, PA  (814) 849-5588",
    "phone": ""
  },
  {
    "name": "Malden Drive-In",
    "address": "380 Old National Pike, Brownsville, PA 15417",
    "phone": "(724) 785-5310"
  },
  {
    "name": "Brownsville Drive-in Multi Theaters",
    "address": "Rt.40 East Of Brownsville,  Brownsville PA",
    "phone": "(724)785-7190"
  },
  {
    "name": "Pioneer Drive In",
    "address": "Route 8 North, Butler, PA 16001",
    "phone": "(724) 285-3850"
  },
  {
    "name": "Skyview Twin Drive-In",
    "address": "route 88, Carmichaels, PA",
    "phone": "(724) 966-2364"
  },
  {
    "name": "Carrolltown Drive-In",
    "address": "Rr 1, Carrolltown, PA 15722",
    "phone": "(814) 344-8684"
  },
  {
    "name": "Super 322 Drive-In",
    "address": "Woodland Bigler Highway, Clearfield, PA 16830",
    "phone": "(814) 857-7821"
  },
  {
    "name": "Columbia Drive-In",
    "address": "Rr 2, Columbia, PA 17512",
    "phone": "(717) 684-7759"
  },
  {
    "name": "The Comet Drive-In",
    "address": "Route 119  Connelsville, PA",
    "phone": "(724)-628-6160"
  },
  {
    "name": "Corry Drive-In Theatre",
    "address": "11510 Route 6, Corry, PA 16407",
    "phone": "(814) 664-2894"
  },
  {
    "name": "Point Drive-In Theatre",
    "address": "Rt. 11 and Danville Nrthmblrnd, Danville, PA",
    "phone": "(717) 275-9926"
  },
  {
    "name": "Haar's Drive-In",
    "address": "Route 15, Dillsburg, PA",
    "phone": "Near the Pennsylvania Turnpike"
  },
  {
    "name": "Garden Drive In Theatre",
    "address": "Hunlock Creek, PA",
    "phone": "(717)735-5933"
  },
  {
    "name": "Peninsula Drive-In Theatres",
    "address": "303 Peninsula Drive, Erie, PA 16505",
    "phone": "(814) 833-0924"
  },
  {
    "name": "Sky Vu Drive IN",
    "address": "Route # 25, Gratz, PA 17030",
    "phone": "(717) 365-3816"
  },
  {
    "name": "Laurel Drive-in, Hazleton, Pa",
    "address": "",
    "phone": ""
  },
  {
    "name": "Maple Drive-In Theatre",
    "address": "Honesdale, PA 18431",
    "phone": "(717) 253-2800"
  },
  {
    "name": "Silver Drive-in",
    "address": "1664 Scalp Ave",
    "phone": "Johnstown, PA 15904"
  },
  {
    "name": "Palace Garden Drive-in 225 Indian Springs Rd, Indiana, Pa.",
    "address": "724-465-9032",
    "phone": ""
  },
  {
    "name": "Family Drive-In",
    "address": "Route 6 E.",
    "phone": "Kane, PA 16735"
  },
  {
    "name": "Hi-Way Drive-In Theatre",
    "address": "Route 30, Latrobe, PA 15650",
    "phone": "(724) 537-7418"
  },
  {
    "name": "Mahoning Valley Drive-In, Lehighton, Pa",
    "address": "",
    "phone": ""
  },
  {
    "name": "Port Drive In Theater",
    "address": "Rr 1, Linden, PA 17744",
    "phone": "(717) 398-1574"
  },
  {
    "name": "Tri-States Drive In Theater",
    "address": "1025 Penna. Ave,  Matamoras PA  18336",
    "phone": "717=491-5050"
  },
  {
    "name": "Midway Drive-In Theater",
    "address": "Rr 3, Mifflintown, PA 17059",
    "phone": "(717) 436-6011"
  },
  {
    "name": "Pike Drive-In Theatre",
    "address": "Route 15, Montgomery, PA 17752",
    "phone": "(717) 547-9924"
  },
  {
    "name": "Evergreen Drive In Theater",
    "address": "Rr 4, Mount Pleasant, PA 15666",
    "phone": "(724) 547-2632"
  },
  {
    "name": "Motor Vu Drive In Theatre",
    "address": "Nescopeck, PA 18635",
    "phone": "(717) 379-9792"
  },
  {
    "name": "Cumberland Drive-In Theatre",
    "address": "711 Centerville Road, Newville, PA 17241",
    "phone": "(717) 776-5212"
  },
  {
    "name": "Galaxy drive-in Theatre",
    "address": "Rt 66 North Vandergrift, PA  (724) 568-5541",
    "phone": ""
  },
  {
    "name": "Shankweiler's Drive-In Theatre",
    "address": "Rt. 309 & Shankweiler Road, Orefield, PA 18069",
    "phone": "(610) 398-1652 (610) 481-0800"
  },
  {
    "name": "Bar Ann Drive-In Theater",
    "address": "Springhill Rd.",
    "phone": "Portage, PA 15946"
  },
  {
    "name": "Circle Drive-In Theatre & Fair",
    "address": "Route 6 Scranton Carbondale Hwy, Scranton, PA 18508",
    "phone": "(717) 489-5731"
  },
  {
    "name": "Starlite Drive-In Theatre",
    "address": "1100 Benner Pike, State College, PA 16801",
    "phone": "(814) 237-0001"
  },
  {
    "name": "Reynolds Drive In",
    "address": "3706 N Hermitage Rd",
    "phone": "Transfer, PA 16154-1822"
  },
  {
    "name": "Becky's Drive-In Theatre Incorporated",
    "address": "Walnutport, PA 18088",
    "phone": "(610) 767-2249"
  },
  {
    "name": "Sunset Drive-In Theatre",
    "address": "808 Route 97, Waterford, PA 16441",
    "phone": "(814) 796-4883"
  },
  {
    "name": "Wysox Drive In Theatre",
    "address": "Route 6, Wysox, PA 18854",
    "phone": "(717) 265-9259"
  },
  {
    "name": "Rustic Tri-View Drive In Theatre",
    "address": "",
    "phone": ""
  },
  {
    "name": "Eddie Dowling Highway, Route 146, North Smithfield, RI 02896",
    "address": "(401) 769-7601",
    "phone": "\"Halfway between Providence and Woonsocket, or so the ad says.\""
  },
  {
    "name": "Dead Drive-Ins",
    "address": "",
    "phone": ""
  },
  {
    "name": "Cranston Auto Theatre, Cranston, Ri",
    "address": "Hilltop Drive-In, East Greenwich, Ri",
    "phone": "Lonsdale Twin Drive-In, Lonsdale, Ri"
  },
  {
    "name": "Plaza 21 Drive-In Theatre",
    "address": "Highway 21 North, Beaufort, SC 29902",
    "phone": "(803) 846-4500"
  },
  {
    "name": "Auto Drive-In",
    "address": "Highway 25 south, Greenwood, SC",
    "phone": "864-229-5999"
  },
  {
    "name": "Big Mo Drive-In Theatre",
    "address": "US hwy 1, just east of State rd 39",
    "phone": "Monetta, SC  803-685-7949"
  },
  {
    "name": "Dead Drive-Ins",
    "address": "",
    "phone": ""
  },
  {
    "name": "Fox Drive-In, Anderson, Sc",
    "address": "Skyway Drive-In, Anderson, Sc",
    "phone": "Viking Outdoor Cinema, Anderson, Sc"
  },
  {
    "name": "Midway Drive-In Miller, Sd",
    "address": "",
    "phone": ""
  },
  {
    "name": "Starlite Outdoor Theatre",
    "address": "North Highway 37, Mitchell, SD 57301",
    "phone": "(605) 996-4511"
  },
  {
    "name": "Pheasant Drive-In",
    "address": "Hwy. 281 N. Mobridge, SD 57601",
    "phone": "(605) 845-2021"
  },
  {
    "name": "Pheasant City Drive-In Theatre",
    "address": "US Highway 281 North, Redfield, SD 57469",
    "phone": "(605) 472-1453"
  },
  {
    "name": "Siskota Drive-In Theatre",
    "address": "Sisseton, SD",
    "phone": "(605) 698-3021"
  },
  {
    "name": "PIX Drive-In Theatre",
    "address": "West Highway 18, Winner, SD 57580",
    "phone": "(605) 842-3043"
  },
  {
    "name": "Winner Drive-In Theatre",
    "address": "East Highway 18, Winner, SD 57580",
    "phone": "(605) 842-2913"
  },
  {
    "name": "Dead Drive-Ins",
    "address": "",
    "phone": ""
  },
  {
    "name": "Starlite Drive-In, Aberdeen, Sd",
    "address": "Kling Drive-In, Belle Fourche, Sd",
    "phone": "Sioux Drive-In, Brookings, SD"
  },
  {
    "name": "Midway Drive-In Theatre",
    "address": "2133 Highway 30 East, Athens, TN 37303",
    "phone": "(423) 263-2632"
  },
  {
    "name": "Twin City Drive-In Theatre",
    "address": "2512 Volunteer Parkway, Bristol, TN 37620",
    "phone": "(423) 764-8033"
  },
  {
    "name": "Pink Cadillac Drive-In",
    "address": "2506 Highway 100, Centerville, TN 37033",
    "phone": "(615) 729-2386"
  },
  {
    "name": "Broadway Drive-In Theatre",
    "address": "3020 Highway 70 East, Dickson, TN 37055",
    "phone": "(615) 446-2786"
  },
  {
    "name": "Dunlap Drive-In Theater",
    "address": "Dunlap, TN 37327",
    "phone": "(423) 949-3759"
  },
  {
    "name": "State Line Drive-In Theatre",
    "address": "2306 State Line Road # A, Elizabethton, TN 37643",
    "phone": "(423) 542-5422"
  },
  {
    "name": "Sky-Vue Drive-In",
    "address": "Helenwood, TN 37755",
    "phone": "(423) 663-2277"
  },
  {
    "name": "Midtown Drive-in Theatre",
    "address": "",
    "phone": ""
  },
  {
    "name": "Its 30 miles southwest of",
    "address": "Knoxville on I40 at exit 350 thats the midtown exit.",
    "phone": "phone 423-882-6119"
  },
  {
    "name": "Macon Drive In Theater",
    "address": "3570 Scottsville Road, Lafayette, TN 37083",
    "phone": "(615) 666-4411"
  },
  {
    "name": "Highway Fifty Drive In",
    "address": "1584 Fayetteville Highway, Lewisburg, TN 37091",
    "phone": "(931) 270-1591"
  },
  {
    "name": "Parkway Drive-In",
    "address": "2909 East Lammar Alexander",
    "phone": "Maryville, TN"
  },
  {
    "name": "(423)379-7884",
    "address": "",
    "phone": ""
  },
  {
    "name": "Southwest Twin Drive-In",
    "address": "4233 South 3rd Street, Memphis, TN 38109",
    "phone": "(901) 785-5450"
  },
  {
    "name": "Summer Quartet Drive In",
    "address": "5310 Summer Avenue, Memphis, TN 38122",
    "phone": "(901) 767-4320"
  },
  {
    "name": "Valley Drive-In Theatre",
    "address": "106 West Court Square, Waverly, TN 37185",
    "phone": "(615) 296-4500"
  },
  {
    "name": "Town And Country Drive-in2902 Vogel Ave.",
    "address": "Abilene, TX",
    "phone": ""
  },
  {
    "name": "(915) 677-9899",
    "address": "",
    "phone": ""
  },
  {
    "name": "Tascosa Drive-In",
    "address": "1999 Dumas Hwy, Amarillo, TX",
    "phone": "(806)383-3882"
  },
  {
    "name": "Fiesta Drive In Theatre",
    "address": "13800 Montana Ave El Paso, TX 79938-9676",
    "phone": "(915) 857-0000"
  },
  {
    "name": "The Last Drive-In Picture Show",
    "address": "(254) 865-8445",
    "phone": "Highway 36, one mile south of Hwy 84, Gatesville, TX"
  },
  {
    "name": "Graham Drive-In Theatre",
    "address": "Jacksboro Highway, Graham, TX 76450",
    "phone": "(817) 549-8478"
  },
  {
    "name": "Brazos Drive In",
    "address": "1800 West Pearl, Granbury, TX 76048",
    "phone": "(817) 573-1311 or 573-8086"
  },
  {
    "name": "Showboat Drive-In",
    "address": "",
    "phone": ""
  },
  {
    "name": "22422 FM 2920 Rd.",
    "address": "Hockley, TX 77447",
    "phone": "Phone: (281) 351-5224"
  },
  {
    "name": "Zocalo Theater & Perfomance Art Co",
    "address": "5223 Feagan St, Houston  Texas",
    "phone": "Phone #:(713)861-2442"
  },
  {
    "name": "Sky-Vue Drive-In Theatre",
    "address": "South Big Spring Highway, Lamesa, TX 79331",
    "phone": "(806) 872-7004"
  },
  {
    "name": "Valley Drive-In Theatre",
    "address": "Hwy 83, Mc Allen, TX",
    "phone": "(210) 682-8201"
  },
  {
    "name": "Wes-Mer Drive In",
    "address": "2090 West Highway 83, Mercedes, TX 78570",
    "phone": "(956) 565-9050"
  },
  {
    "name": "Midway Drive-in, Quitaque, TX",
    "address": "",
    "phone": ""
  },
  {
    "name": "Tower Drive-In Theatre",
    "address": "Rule, TX",
    "phone": "(817) 997-2382"
  },
  {
    "name": "Mission Drive-In Theatre",
    "address": "3100 Roosevelt Avenue, San Antonio, TX 78214",
    "phone": "(210) 532-3259"
  },
  {
    "name": "Crossroads Drive-In Theater",
    "address": "Hwy 90A .",
    "phone": "Shiner , TX 75701"
  },
  {
    "name": "Apache Drive-In",
    "address": "Hwy. 31 E.",
    "phone": "Tyler, TX 75701"
  },
  {
    "name": "Dead Drive-Ins",
    "address": "",
    "phone": ""
  },
  {
    "name": "Park Drive-in, Abilene, Tx",
    "address": "Buckhorn Drive-in, Alice, Tx",
    "phone": "Twin Drive-In, amarillo, Tx"
  },
  {
    "name": "Circle Drive-In, Lampasas, Tx",
    "address": "Bordertown Twin Drive-In, Laredo, Tx",
    "phone": "Lobo Drive-In, Levelland, Tx"
  },
  {
    "name": "Dogwood Twin Drive-in, Palestine, TX",
    "address": "Top O Texas Drive-in, Pampa, TX",
    "phone": "Pasadena Drive-In, Pasadena, TX"
  },
  {
    "name": "Plano Triple Drive-In, Plano, TX",
    "address": "Trail Drive-In, Pleasanton, TX",
    "phone": "Don Drive-In, Port Arthur, TX"
  },
  {
    "name": "Basin Drive In Theatre",
    "address": "680 North State Street, Mount Pleasant, UT 84647",
    "phone": "(801) 462-2712"
  },
  {
    "name": "Motor Vu Drive-In Theatre",
    "address": "5368 South 1050 West, Ogden, UT 84405",
    "phone": "(801) 394-1768"
  },
  {
    "name": "North Star Drive-In Theater",
    "address": "2131 North Highway 89, Ogden, UT 84404",
    "phone": "(801) 782-9263"
  },
  {
    "name": "Timp Drive-In Theatre",
    "address": "150 N. State, Orem, TX",
    "phone": "(801) 225-1470"
  },
  {
    "name": "Pioneer Twin Drive-In Theatre",
    "address": "1255 South State Street, Provo, UT 84606",
    "phone": "(801) 374-0521"
  },
  {
    "name": "Echo Drive In Theatre",
    "address": "West Highway 40, Roosevelt, UT 84066",
    "phone": "(801) 722-2828"
  },
  {
    "name": "Redwood Drive-In Theatre",
    "address": "3688 South Redwood Road, Salt Lake City, UT 84119",
    "phone": "(801) 973-7088"
  },
  {
    "name": "Valley Vu Drive-In Theatre",
    "address": "3560 South 4800 West, Salt Lake City, UT 84120",
    "phone": "(801) 968-1303"
  },
  {
    "name": "Dead Drive-Ins",
    "address": "",
    "phone": ""
  },
  {
    "name": "Mesa Drive-in, Blanding, Ut",
    "address": "Hyland Drive-in, Cedar City, Ut",
    "phone": "Desert Drive-in, Delta, Ut"
  },
  {
    "name": "Randall Drive-in  Rt 12 Bethel, VT   802 234 9398",
    "address": "",
    "phone": ""
  },
  {
    "name": "Sunset Drive In",
    "address": "Porters Point Road, Colchester, VT 05446",
    "phone": "(802) 862-1800"
  },
  {
    "name": "Fairlee Drive-In Theater/Motel",
    "address": "in Fairlee,VT.",
    "phone": "802-333-9192"
  },
  {
    "name": "St. Albans Drive-In",
    "address": "Rt. 7  St. Albans VT 05478",
    "phone": "802-524-2468"
  },
  {
    "name": "Dead Drive-Ins",
    "address": "",
    "phone": ""
  },
  {
    "name": "Midway Drive-In, Ascutney, Vt",
    "address": "Belmont Drive-In, Bellows Falls, Vt",
    "phone": "Bennington Drive-in, Bennington, Vt"
  },
  {
    "name": "Moonlite Theatre",
    "address": "17555 Lee Hwy.",
    "phone": "Abingdon, VA 24210"
  },
  {
    "name": "Starlite Drive-In Theatre",
    "address": "Roanoke Road, Christiansburg, VA 24073",
    "phone": "(540) 382-2202"
  },
  {
    "name": "Fork Union Drive-In Theatre",
    "address": "Fork Union, VA 23055",
    "phone": "(804) 842-3624"
  },
  {
    "name": "Keysville Drive-In",
    "address": "Highway 360, Keysville, VA 23947",
    "phone": "(804) 736-8691"
  },
  {
    "name": "Hull's Drive-In Theatre",
    "address": "Rr 5, Lexington, VA 24450",
    "phone": "(540) 463-2621"
  },
  {
    "name": "Park Palace Drive-In",
    "address": "205 Park Blvd.",
    "phone": "Marion, VA 24354"
  },
  {
    "name": "Central Drive-In Theatre",
    "address": "Norton, VA 24273",
    "phone": "(540) 679-3761"
  },
  {
    "name": "Hiland Drive-In Theatre",
    "address": "Rr 11, Rural Retreat, VA 24368",
    "phone": "(540) 686-5661"
  },
  {
    "name": "Family Drive-In Theatre",
    "address": "US 11 South, Stephens City, VA 22655",
    "phone": "(540) 665-6982"
  },
  {
    "name": "Valley 6 Outdoor Theaters",
    "address": "401 49th st.  NE, Auburn Way North, Auburn, WA 98002",
    "phone": "(253) 854-1250"
  },
  {
    "name": "Samish Twin Drive-In Theatre",
    "address": "3801 Byron Avenue, Bellingham, WA 98226",
    "phone": "(360) 733-6580"
  },
  {
    "name": "Auto Vue Theatre",
    "address": "444 Auto View Road, Colville, WA 99114",
    "phone": "(509) 684-2863"
  },
  {
    "name": "Dayton Drive-in Theater",
    "address": "Hwy. 12",
    "phone": "Dayton, WA 99328"
  },
  {
    "name": "",
    "address": "",
    "phone": ""
  },
  {
    "name": "Puget Park Drive-In",
    "address": "(425-338-5957)",
    "phone": "Hey128 and Meridian, Everrett, WA"
  },
  {
    "name": "Your Drive In Theatre",
    "address": "720 7th Avenue, Longview, WA 98632",
    "phone": "(360) 425-1110"
  },
  {
    "name": "Rodeo Tri Drive-In Theatre",
    "address": "7369 St. Hwy 3 SW, Port Orchard, WA",
    "phone": "(360) 698-6030"
  },
  {
    "name": "Blue Fox Drive-in Theater",
    "address": "1403 Monroe Landing Rd",
    "phone": "Oak Harbor, Washington"
  },
  {
    "name": "River-Vue Drive-In",
    "address": "West Sylvester & Road 28, Pasco, WA 99301",
    "phone": "(509) 547-4361"
  },
  {
    "name": "Skyline Drive-In Theatre",
    "address": "182 Southeast Brewer Road, Shelton, WA 98584",
    "phone": "(360) 426-4707"
  },
  {
    "name": "Wheel-In Motor Movie",
    "address": "Theatre Road, Port Townsend, WA",
    "phone": ""
  },
  {
    "name": "Vue Dale Drive In Theatre",
    "address": "1546 South Wenatchee Avenue, Wenatchee, WA 98801",
    "phone": "(509) 662-7740"
  },
  {
    "name": "Country Drive In Theatre",
    "address": "4309 West Nob Hill Boulevard, Yakima, WA 98908",
    "phone": "(509) 966-5340"
  },
  {
    "name": "Dead Drive-Ins",
    "address": "",
    "phone": ""
  },
  {
    "name": "Harbor Drive-In, Aberdeen, Wa",
    "address": "Circus Drive-In, Anacortes, Wa",
    "phone": "Bel Kirk Drive-In, Bellevue, Wa"
  },
  {
    "name": "Pipestem Drive-In Theatre",
    "address": "Athens, WV",
    "phone": "(304) 384-7382"
  },
  {
    "name": "Hilltop Drive In Theatre",
    "address": "Route 208 & Route 8, Chester, WV 26034",
    "phone": "(304) 387-1611"
  },
  {
    "name": "Warner Drive-in Theater",
    "address": "Hwy. 220",
    "phone": "Franklin, WV 26807"
  },
  {
    "name": "Glen Dale Drive In Theatre",
    "address": "Glen Dale, WV 26038",
    "phone": "(304) 845-2064"
  },
  {
    "name": "Grafton Drive-In",
    "address": "Grafton, WV 304-265-1096",
    "phone": ""
  },
  {
    "name": "Meadow Bridge Drive-In",
    "address": "Hwy. 20",
    "phone": "Meadow Bridge, WV 25976"
  },
  {
    "name": "Mt. Zion Drive In",
    "address": "Mt. Zion Calhoun",
    "phone": "county WV"
  },
  {
    "name": "Jungle Drive-In Theatre",
    "address": "RR 1, Parkersburg, WV",
    "phone": "(304) 464-4063"
  },
  {
    "name": "Pineville Drive In Theatre",
    "address": "Pineville, WV 24874",
    "phone": "(304) 732-7492"
  },
  {
    "name": "Sunset Drive In Theatre",
    "address": "Route 19, Shinnston, WV 26431",
    "phone": "(304) 592-0405"
  },
  {
    "name": "Moonlite Drive-In Theatre",
    "address": "19-21 By-pass, Skelton, WV",
    "phone": "(304) 255-4241"
  },
  {
    "name": "Dead Drive-Ins",
    "address": "",
    "phone": ""
  },
  {
    "name": "Bartow Drive-ion, Bartow, WV",
    "address": "Crab Orchard Drive-in, Beckley, Wv",
    "phone": "Moonlite Drive-In, Beckley, WV"
  },
  {
    "name": "Welch, WV",
    "address": "",
    "phone": ""
  },
  {
    "name": "Gemini Drive In Theatre    Rr 2, Eau Claire, WI 54703",
    "address": "(715) 874-5101",
    "phone": ""
  },
  {
    "name": "Starlite Drive-In Theater",
    "address": "15 Hwy. 14 East Richland Center ,WI 53581",
    "phone": "(608)-647-3669"
  },
  {
    "name": "Keno Outdoor Theater",
    "address": "Sheridan Rd, (Hwy 32) and 89th st, Kenosha, WI",
    "phone": ""
  },
  {
    "name": "Sky-Vu Drive-In Theatre",
    "address": "N1936 State Road 69, Monroe, WI 53566",
    "phone": "(608) 325-4200"
  },
  {
    "name": "Moonlight Outdoor Theater",
    "address": "Hwy 22",
    "phone": "Shawano, WI  (715) 524-3636"
  },
  {
    "name": "Skyway Drive-In Theater",
    "address": "3475 State Highway 42, Sister Bay, WI 54234",
    "phone": "(414) 854-9938"
  },
  {
    "name": "Sky-Vue Drive-In",
    "address": "Hwy 29E and Hwy J interchange, Wausau, WI",
    "phone": "(877) 998-0999"
  },
  {
    "name": "Big Sky Drive-In Theatre",
    "address": "N9174 Winnebago Road, Wisconsin Dells, WI 53965",
    "phone": "(608) 254-8025"
  },
  {
    "name": "Dead Drive-Ins",
    "address": "",
    "phone": ""
  },
  {
    "name": "1329 Drive-in, Abbotsford, WI",
    "address": "Antigo Drive-in, Antigo, Wi",
    "phone": "Traid Drive-In, Ashland, Wi"
  },
  {
    "name": "Hayward Drive-In, Hayward, Wi",
    "address": "St. Croix Hilltop Drive-In, Houlton, Wi",
    "phone": "Mid City Outdoor Theatre, Janesville, Wi"
  },
  {
    "name": "Park Drive-In Theater",
    "address": "707 19th St, Cody, WY, 82414",
    "phone": "307-587-7177"
  },
  {
    "name": "Ski-Hi Drive-In Theatres",
    "address": "2201 South Douglas Highway, Gillette, WY 82718",
    "phone": "(307) 682-9948"
  },
  {
    "name": "Lusk Drive-In",
    "address": "Lusk, Wyoming",
    "phone": ""
  },
  {
    "name": "VALI Drive-In Theatre",
    "address": "1070 Road 9, Powell, WY 82435",
    "phone": "(307) 754-4211"
  },
  {
    "name": "Skyline Drive In Theatre",
    "address": "Sheridan, WY 82801",
    "phone": "(307) 674-4532"
  },
  {
    "name": "Dead Drive-Ins",
    "address": "",
    "phone": ""
  },
  {
    "name": "Cory Drive-in, Basin, Wy",
    "address": "Sunset Drive-in, Buffalo, Wy",
    "phone": "Mile Hi Drive-In, Casper, Wy"
  },
  {
    "name": "StarDust Twin Drive-In Theater",
    "address": "5708-51 Avenue,  Edmonton, Alberta, Canada",
    "phone": ""
  },
  {
    "name": "Valley Drive-In",
    "address": "",
    "phone": ""
  },
  {
    "name": "Creston, British Columbia, Canada",
    "address": "",
    "phone": ""
  },
  {
    "name": "Starlight Drive-In",
    "address": "933 Highway 97a, Enderby, British Columbia, Canada",
    "phone": "(604) 838-9495"
  },
  {
    "name": "Cassidy Drive-In Theatre",
    "address": "13301 Trans-Canada Hwy, BC, CA",
    "phone": "(250) 245-3141"
  },
  {
    "name": "Halston Drive-In Theatre",
    "address": "277 Halston Conn Rd.",
    "phone": "Kamloops, BC"
  },
  {
    "name": "Park Drive - in Theater",
    "address": "9960 Raceway Rd.",
    "phone": "Prince George, British Columbia, Canada"
  },
  {
    "name": "Hillcrest Drive-In Theater",
    "address": "18694 Fraser Hwy.,  Surrey, B.C.  Canada",
    "phone": "(604) 576-2324"
  },
  {
    "name": "Auto-Vue Drive-In",
    "address": "(250) 368-6711",
    "phone": "8345 Waneta Hwy 22a, Trail, BC, CA"
  },
  {
    "name": "Lucky Star Drive-in",
    "address": "hwy 10,  Brandon, Manitoba",
    "phone": ""
  },
  {
    "name": "Big Island Drive-In Theatre",
    "address": "Flin Flon, Manitoba, CA",
    "phone": "(204) 687-6815"
  },
  {
    "name": "Shamarock Drive-In",
    "address": "NW 26-2-17W, Killarney, Manitoba, CA",
    "phone": "(204) 523-8837"
  },
  {
    "name": "Stardust Drive-In",
    "address": "3020 Thormhill ST, Morden, Manitoba, CA",
    "phone": "(204) 822-5638"
  },
  {
    "name": "Odeon Drive-In Theatre",
    "address": "415 Portage Ave,  Winnipeg, Manitoba, Canada",
    "phone": "(204) 837-4979"
  },
  {
    "name": "Bayview drive in",
    "address": "Bathurst, New Brunswick",
    "phone": "Canada"
  },
  {
    "name": "Neptune Drive-In",
    "address": "Shediac RD, Shediac, NB, CA",
    "phone": "(506) 532-4282"
  },
  {
    "name": "Sussex Drive-In Theater",
    "address": "Aiton Rd, Sussex, NB, CA",
    "phone": "1 screen"
  },
  {
    "name": "Cape Breton Drive-In",
    "address": "Grand Lake, RD, Sydney, Nova Scotia, CA",
    "phone": "(902) 539-9922"
  },
  {
    "name": "Empire, Drive-In",
    "address": "Westville, RD, Westville, Nova Scotia, CA",
    "phone": "(902) 396-5175"
  },
  {
    "name": "Barrie Triple Drive-In",
    "address": "Phone (ontario canada) 487-3758, Stinson Theaters 726-8190",
    "phone": "Located 10 min. north of Barrie on Hwy. 11 Oro Line 4., Barrie, Ontario, Canada"
  },
  {
    "name": "Lindsay Twin Drive-in",
    "address": "229 Pidgeon Lake Rd, Lindsay, On, Canada (705) 340-6666",
    "phone": ""
  },
  {
    "name": "Mustang Drive-In Theatres",
    "address": "RR # 7",
    "phone": "London, ON, Canada"
  },
  {
    "name": "North York Drive-In Theatre",
    "address": "893 Mount Albert Road",
    "phone": "Newmarket, ON, Canada"
  },
  {
    "name": "5 Drive In",
    "address": "2332 9th Line in Oakville Ontario CA, phone # 905-257-8272.",
    "phone": ""
  },
  {
    "name": "48 Drive-In",
    "address": "30944 Hwy 48",
    "phone": "Pefferlaw, ON, Canada"
  },
  {
    "name": "Can-View 4 Drive-In Theater",
    "address": "Address: Hwy. 406 and Hwy. 20, City: Fonthill",
    "phone": "Province: Ontario, Canada"
  },
  {
    "name": "Starlite Drive-In Theatre",
    "address": "R.R.#1 / P.O. Box 1405, Grand Bend, Ontario, Canada",
    "phone": "(519) 238-8344 / Open Early May to Labour Day"
  },
  {
    "name": "",
    "address": "",
    "phone": ""
  },
  {
    "name": "Muskoka Drive-In",
    "address": "Doe Lake RD, GRavenhurst, Ontario, CA",
    "phone": "(705) 687-4880"
  },
  {
    "name": "The Mustang Drive-In Theatre",
    "address": "Guelph Eramosa Townline Road, Guelph, Ontario, Canada",
    "phone": "(519) 824-5431"
  },
  {
    "name": "Starlite Drive-In Theatre",
    "address": "Scenic  located at 59 Green Mt. Rd. East just outside Hamilton, Ontario, Canada.",
    "phone": "(416) 664-3800 / Open Early April to late October"
  },
  {
    "name": "The Hanover Drive-In Theatre",
    "address": "Drive In Road, Hanover, Ontario, Canada",
    "phone": "519-364-2066"
  },
  {
    "name": "Kingston Drive-In Theater",
    "address": "Address: Division Street north of Highway 401,  Kingston,  Ontario, Canada",
    "phone": "Phone #: (613)530-2707"
  },
  {
    "name": "Midland Drive-In",
    "address": "1299 Angela Schmidt Foster RD, Midland, Ontario, CA",
    "phone": "705-526-2411"
  },
  {
    "name": "The Owen Sound Drive-In Theatre",
    "address": "Highway 70 & Derby-Keppel Rd.",
    "phone": "Owen Sound, Ontario, Canada"
  },
  {
    "name": "Skylight Drive-In",
    "address": "Forest Lea RD, Pembroke, Ontario, CA",
    "phone": "613-732-2136"
  },
  {
    "name": "Mustand Drive-In",
    "address": "Rural, Route 3, Peterborough, Ontario, CA",
    "phone": "705-745-0241"
  },
  {
    "name": "Century Drive-In",
    "address": "Port Hope, Ontario, Canada",
    "phone": "phone# 905 372 5379, or phone # 905-432-8233"
  },
  {
    "name": "Skylark Drive-InSault Ste. Marie, Ontario, Canada",
    "address": "",
    "phone": ""
  },
  {
    "name": "The Docks Drive-In Theater",
    "address": "11 Polson Street",
    "phone": "Toronto, Ontario, Canada"
  },
  {
    "name": "Phone: (416)469-5655",
    "address": "",
    "phone": ""
  },
  {
    "name": "Oxford Drive-In Theatre",
    "address": "Governor's Rd, Woodstock, Ontario, CA",
    "phone": "519-537-7392"
  },
  {
    "name": "Princess Pat Drive-In",
    "address": "Cascumpec, Alberton, Prince Edward Island, CA",
    "phone": "902-853-2109"
  },
  {
    "name": "Brackley Drive-In Theater",
    "address": "Prince Edward Island, Ca (902) 672-3333",
    "phone": ""
  },
  {
    "name": "Cinema 6 Drive-In",
    "address": "Hwy 6, Regina, Saskatchewan, CA",
    "phone": "306-584-9611"
  },
  {
    "name": "Sundown Drive-In",
    "address": "Hwy 5 East, Saskatoon, Saskatchewan, CA",
    "phone": "306-934-0404"
  },
  {
    "name": "Drive-In Theatre",
    "address": "Hwy 365, Watrous, Saskatchewan, CA",
    "phone": "306-946-2679"
  },
  {
    "name": "Bass Hill Greater Union Twin Drive-In Theatre",
    "address": "Johnston Rd , Bass Hill 2197 (Sydney)",
    "phone": "(02) 9726-9576"
  },
  {
    "name": "Greater Union Blacktown Drive-In",
    "address": "Cricketers Arms Road , Balcktown",
    "phone": "2148 (Sydney)"
  },
  {
    "name": "Village Coburg Drive-In Theatre",
    "address": "Newlands Road Coburg  Victoria 3058",
    "phone": "(+61) 3 9354 1668  fax  9354 6109"
  },
  {
    "name": "Coral Twin  Drive-In Theatre",
    "address": "Cairns, Queensland",
    "phone": ""
  },
  {
    "name": "Shepparton Drive-In Theatre",
    "address": "Melbourne Road, Shepparton Victoria",
    "phone": "24 Hour Infomation line...1902 241 049"
  },
  {
    "name": "Yarrawonga Drive-In Theatre",
    "address": "Belmore Street, Yarrawonga Victoria",
    "phone": "24 Hour Infomation line...1902 241 049"
  },
  {
    "name": "Kookaburra Outdoor  Cinema",
    "address": "Allen Rd (off Mundaring Weir Rd) Mundaring WA 6076",
    "phone": "Cinema phone with 24 Hr Program Info Line (08) 9295"
  },
  {
    "name": "Beenleigh Drive-In  QLD",
    "address": "",
    "phone": ""
  },
  {
    "name": "Heddon Greta Drive-In,",
    "address": "near Newcastle, NSW",
    "phone": ""
  },
  {
    "name": "Dromana Twin Drive-In Theatre",
    "address": "Nepean Highway, Dromana, Victoria, Australia",
    "phone": "Phone (ontario Aus) (059) 812002,"
  },
  {
    "name": "Karratha Drive-In",
    "address": "Lot 1090 Karratha Rd., KARRATHA.",
    "phone": "WESTERN AUSTRALIA"
  },
  {
    "name": "GEPPS CROSS MAINLINE",
    "address": "Main North Road, Gepps Cross - Ph. 8262 1873",
    "phone": ""
  },
  {
    "name": "MODBURY VALLEYLINE",
    "address": "Tolley Road, St. Agnes",
    "phone": "- Ph. 8264 2464"
  },
  {
    "name": "WEST BEACH BLUELINE",
    "address": "Military Road, West Beach",
    "phone": "-Ph. 8356 8804"
  },
  {
    "name": "Autokino Billbrool",
    "address": "Address: Moorfleeter Strae 2",
    "phone": "City: 22113 Hamburg, Germany"
  },
  {
    "name": "Autokino Aschheim",
    "address": "Germany",
    "phone": ""
  },
  {
    "name": "Sun Set Drive-InTheatre",
    "address": "Ahmedabad , India",
    "phone": "500 car capacity +1,000 people"
  },
  {
    "name": "thanks to Dr. Piyush Patel, for the info.",
    "address": "",
    "phone": ""
  },
  {
    "name": "Vereeniging Drive In",
    "address": "PO Box 426",
    "phone": "Vereeniging"
  },
  {
    "name": "Autocine Star Drive-In, Carretera del Riu, 407 - Carretera: Pinedo-Saler",
    "address": "",
    "phone": ""
  }
]