[
  {
    "Name": "Spirit Hall Ice Arena aka. Wyoming Center at the Cam-Plex",
    "Address": "4101 Maverik Drive, Gillette, Wyoming, United States 82718",
    "Website": "http://www.ccgov.net/Facilities/Facility/Details/Spirit-Hall-Ice-Arena-26"
  },
  {
    "Name": "Sublette County Ice Arena",
    "Address": "1219 W Washington St, Pinedale, Wyoming, United States 82941",
    "Website": "http://www.sublettewyo.com/index.aspx?NID=204"
  },
  {
    "Name": "Sheridan Ice",
    "Address": "475 E Brundage St, Sheridan, Wyoming, United States 82801",
    "Website": "http://www.sheridanice.org/"
  },
  {
    "Name": "Snow King Sports & Events Center",
    "Address": "100 E Snow King Ave, Jackson Hole, Wyoming, United States 83001",
    "Website": "https://snowkingsec.com/"
  },
  {
    "Name": "Riverton Ice Arena",
    "Address": "51 Smith Rd, Riverton, Wyoming, United States 82501",
    "Website": "https://rivertonhockey.org/our-rink"
  },
  {
    "Name": "Laramie Community Ice & Event Center",
    "Address": "3510 Garfield St, Laramie, Wyoming, United States 82070",
    "Website": "https://www.cityoflaramie.org/773/Upcoming-Schedules-Events"
  },
  {
    "Name": "Riley Arena",
    "Address": "1400 Heart Mountain St, Cody, Wyoming, United States 82414",
    "Website": "http://www.rileyarena.com/"
  },
  {
    "Name": "Douglas Ice Arena aka. Wyoming State Fair Show Center",
    "Address": "River Rd, Douglas, Wyoming, United States 82633",
    "Website": "https://wystatefair.com/"
  },
  {
    "Name": "Family Recreation Center",
    "Address": "3900 Sweetwater Dr, Rock Springs, Wyoming, United States 82901",
    "Website": "https://www.rswy.net/department/?fDD=22-0"
  },
  {
    "Name": "Cheyenne Ice & Events Center aka. Taco Johns Events Center",
    "Address": "1530 W Lincolnway, Cheyenne, Wyoming, United States 82001",
    "Website": "https://www.cheyenneiceandevents.com/schedule"
  },
  {
    "Name": "Casper Ice Arena",
    "Address": "1801 E 4th S, Casper, Wyoming, United States 82601",
    "Website": "https://www.casperwy.gov/cms/One.aspx?portalId=82427"
  },
  {
    "Name": "Campbell County Ice Arena aka. Rockpile Community Center",
    "Address": "121 4-J Road, Gillette, Wyoming, United States",
    "Website": "https://www.ccgov.net/Facilities/Facility/Details/Campbell-County-Ice-Arena-149"
  },
  {
    "Name": "Wildcat Centre Arena",
    "Address": "861 Cemetery Rd, River Falls, Wisconsin, United States 54022",
    "Website": "http://riverfalls.pucksystems.com/page/show/31044-wildcat-centre-arena"
  },
  {
    "Name": "Wilson Ice Arena",
    "Address": "4001 S 20 St, Milwaukee, Wisconsin, United States 53221",
    "Website": "https://county.milwaukee.gov/EN/Parks/Explore/Community-Centers/Wilson-Ice-Arena"
  },
  {
    "Name": "West Salem Ice Rink",
    "Address": "240 East Ave, West Salem, Wisconsin, United States 54669",
    "Website": "http://www.westsalemhockey.org/"
  },
  {
    "Name": "Waupun Community Center",
    "Address": "510 E Spring St, Waupun, Wisconsin, United States 53963",
    "Website": "https://www.cityofwaupun.org/parksrec/page/community-center"
  },
  {
    "Name": "Wessman Arena aka. UW Superior",
    "Address": "2701 Catlin Ave, Superior, Wisconsin, United States 54880",
    "Website": "https://www.wessmanarena.com/"
  },
  {
    "Name": "Waupaca Expo Center",
    "Address": "187 Grand Seasons Dr, Waupaca, Wisconsin, United States 54981",
    "Website": "https://arena-guide.com/arena/waupaca-expo-center/"
  },
  {
    "Name": "Verona Ice Arena",
    "Address": "103 Lincoln St, Verona, Wisconsin, United States 53593",
    "Website": "https://www.veronaice.com/"
  },
  {
    "Name": "Viroqua Community Arena",
    "Address": "856 Nelson Pkwy, Viroqua, Wisconsin, United States 54665",
    "Website": "http://www.viroquathunder.org/"
  },
  {
    "Name": "University School Ice Arena aka. Polly and Henry Uihlein Ice Arena",
    "Address": "2100 W Fairy Chasm Road, River Hills, Wisconsin, United States 53217",
    "Website": "https://www.usmk12.org/programs-and-services/learn-to-skate-program"
  },
  {
    "Name": "UW-Milwaukee Panther Arena aka. Panther Arena",
    "Address": "400 W Kilbourn Ave, Milwaukee, Wisconsin, United States 53203",
    "Website": "https://uwmilwaukeepantherarena.com/"
  },
  {
    "Name": "Tri-County Ice Arena",
    "Address": "700 East Shady Lane, Neenah, Wisconsin, United States 54956",
    "Website": "https://www.appletonice.org/"
  },
  {
    "Name": "United Civic Center",
    "Address": "415 Maple St, Baldwin, Wisconsin, United States 54002",
    "Website": "http://www.villageofbaldwin.com/community/page/united-civic-center"
  },
  {
    "Name": "Sun Prairie Ice Arena",
    "Address": "838 Grove St, Sun Prairie, Wisconsin, United States 53590",
    "Website": "https://www.sunprairieice.com/"
  },
  {
    "Name": "Superior Ice Arena",
    "Address": "1015 Oakes Ave, Superior, Wisconsin, United States 54880",
    "Website": "https://superior.pucksystems2.com/page/show/12674-superior-ice-area-information"
  },
  {
    "Name": "Stateline Ice and Community Expo aka. SLICE",
    "Address": "1632 4th Ave W, Monroe, Wisconsin, United States 53566",
    "Website": "https://www.rinktime.com/rinks/united-states/wisconsin/monroe-1/ice-skating-rink/stateline-ice-community-expo-slice/"
  },
  {
    "Name": "Spooner Civic Center",
    "Address": "301 Walnut St, Spooner, Wisconsin, United States 54801",
    "Website": "https://www.spoonerciviccenter.com/"
  },
  {
    "Name": "Spooner Elementary School Rink",
    "Address": "921 College St, Spooner, Wisconsin, United States 54801",
    "Website": "https://www.spooner.k12.wi.us/schools/elementary/index.cfm"
  },
  {
    "Name": "Sparta Youth Hockey Rink",
    "Address": "1121 E Montgomery St, Sparta, Wisconsin, United States 54656",
    "Website": "http://www.spartayouthhockey.com/"
  },
  {
    "Name": "Somerset Youth Civic Center",
    "Address": "529 Main St, Somerset, Wisconsin, United States 54025",
    "Website": "https://www.mapquest.com/us/wisconsin/somerset-youth-civic-center-350698975"
  },
  {
    "Name": "South Wood County Rec Center",
    "Address": "2711 16th Street S, Wisconsin Rapids, Wisconsin, United States 54494",
    "Website": "http://www.swcrc.net/"
  },
  {
    "Name": "Sheboygan Lakers Ice Center",
    "Address": "1202 South Wildwood Ave, Sheboygan, Wisconsin, United States 53081",
    "Website": "https://www.facebook.com/SheboyganLakersIceCenter"
  },
  {
    "Name": "Simek Recreation Center",
    "Address": "1037 W Broadway St, Medford, Wisconsin, United States 54665",
    "Website": "https://www.facebook.com/MedfordYouthHockey/"
  },
  {
    "Name": "Sauk Prairie Area Recreation Center",
    "Address": "1700 Tower St, Prairie Du Sac, Wisconsin, United States 53578",
    "Website": "https://dnr.wisconsin.gov/topic/parks/saukprairie"
  },
  {
    "Name": "SARA Park",
    "Address": "900 West Somo Ave., Tomahawk, Wisconsin, United States 54487",
    "Website": "https://www.cityoftomahawkwi.com/index.asp?SEC=44F13B9F-B6EB-4B25-82D2-91CB71B5B508&Type=B_BASIC"
  },
  {
    "Name": "Rice Lake Hockey Arena",
    "Address": "1204 Hammond Ave, Rice Lake, Wisconsin, United States 54868",
    "Website": "http://www.ricelakehockey.com/"
  },
  {
    "Name": "Resch Center",
    "Address": "1901 South Oneida Street, Green Bay, Wisconsin, United States 54304",
    "Website": "https://www.reschcenter.com/venues/detail/resch-center-green-bay-wi"
  },
  {
    "Name": "Rhinelander Ice Arena",
    "Address": "2021 E Timber Dr, Rhinelander, Wisconsin, United States 54501",
    "Website": "https://www.rhinelanderice.com/"
  },
  {
    "Name": "Reedsburg Area Community Arena aka. Nishan Park",
    "Address": "1411 Viking Drive, Reedsburg, Wisconsin, United States 53959",
    "Website": "https://www.reedsburgwi.gov/index.asp?Type=B_BASIC&SEC=5053409D-1B01-4223-BD82-F8FA34AD383C&DE=007EBA9B-E243-43A8-A2A6-299EA5DEAAF8"
  },
  {
    "Name": "RecPlex aka. IcePlex",
    "Address": "9900 Terwall Terrace, Pleasant Prairie, Wisconsin, United States 53158",
    "Website": "https://recplexonline.com/"
  },
  {
    "Name": "Ponds of Brookfield",
    "Address": "2810 N. Calhoun Rd, Brookfield, Wisconsin, United States 53005",
    "Website": "https://www.thepondsofbrookfield.com/"
  },
  {
    "Name": "Park Falls Recreation Arena",
    "Address": "301 N 3rd Ave, Park Falls, Wisconsin, United States 54552",
    "Website": "https://www.cityofparkfalls.com/recreation-arena-ice-rink"
  },
  {
    "Name": "Pettit National Ice Center",
    "Address": "500 South 84th Street, Milwaukee, Wisconsin, United States 53214",
    "Website": "https://thepettit.com/"
  },
  {
    "Name": "Oshkosh Community YMCA",
    "Address": "3303 W. 20th Ave., Oshkosh, Wisconsin, United States 54904",
    "Website": "http://www.oshkoshymca.org/locations/facility-hours--schedules.html"
  },
  {
    "Name": "Ozaukee Ice Center",
    "Address": "5505 W Pioneer Rd, Mequon, Wisconsin, United States 53012",
    "Website": "https://en.wikipedia.org/wiki/Ozaukee_Ice_Center"
  },
  {
    "Name": "Oregon Community Sports Arena",
    "Address": "100 N Perry Pkwy, Oregon, Wisconsin, United States 53575",
    "Website": "https://www.mapquest.com/us/wisconsin/business-oregon/oregon-community-sports-arena-378284620"
  },
  {
    "Name": "Onalaska Omni Center",
    "Address": "255 Riders Club St, Onalaska, Wisconsin, United States 54650",
    "Website": "http://www.cityofonalaska.com/index.asp?Type=NONE&SEC=0AFF14CF-31E8-48C9-A48A-7A8C57B6ABCF"
  },
  {
    "Name": "O’Neil Outdoor Ice Rink",
    "Address": "901 E 15th St, Neilsville, Wisconsin, United States 54456",
    "Website": "https://www.wbay.com/2021/01/05/oshkosh-set-to-open-new-outdoor-ice-skating-rink-in-roe-park/"
  },
  {
    "Name": "New Richmond Sports Center",
    "Address": "450 Sports Center Road, New Richmond, Wisconsin, United States 54017",
    "Website": "https://www.nryha.net/page/show/193715-our-rink"
  },
  {
    "Name": "North Lakeland Ice Rink",
    "Address": "12686 Co Hwy K, Manitowish Waters, Wisconsin, United States 54545",
    "Website": "https://lakelandicearena.com/"
  },
  {
    "Name": "Mullett Ice Center",
    "Address": "700 North Ave, Hartland, Wisconsin, United States 53029",
    "Website": "https://mulletticecenter.com/article-62-ice-schedule.html"
  },
  {
    "Name": "Naga-Waukee Ice Arena",
    "Address": "2699 Golf Road, Delafield, Wisconsin, United States 53018",
    "Website": "https://www.waukeshacounty.gov/nagawaukeeicearena/"
  },
  {
    "Name": "Mosinee Recreation Center",
    "Address": "709 11th Street, Mosinee, Wisconsin, United States 54455",
    "Website": "http://www.mosinee.wi.us/parks/recreation_center_park.html"
  },
  {
    "Name": "Milt Lunda Memorial Arena",
    "Address": "388 Melrose Street, Black River Falls, Wisconsin, United States 54615",
    "Website": "https://www.expedia.co.uk/Milt-Lunda-Memorial-Arena-Black-River-Falls.d553248635975357434.Attraction"
  },
  {
    "Name": "Mose Lamb Hockey Rink aka. Tomah Recreation Park",
    "Address": "1625 Butts Avenue, Tomah, Wisconsin, United States 54660",
    "Website": "https://www.tomahhockey.com/page/show/1283483-rink-information"
  },
  {
    "Name": "Merrill Area Recreation Complex aka. Smith Center",
    "Address": "1100 Marc Drive, Merrill, Wisconsin, United States 54452",
    "Website": "http://www.merrillparkandrec.com/parks/merrill-area-recreation-complex/"
  },
  {
    "Name": "McFarland Community Ice Arena",
    "Address": "4812 Marsh Road, McFarland, Wisconsin, United States 53558",
    "Website": "https://www.mcfarlandhockey.org/page/show/3482500-mcfarland-community-ice-arena-mcia-"
  },
  {
    "Name": "Marshfield Youth Ice & Rec Center",
    "Address": "405 E 17 St, Marshfield, Wisconsin, United States 54449",
    "Website": "https://www.rinktime.com/rinks/united-states/wisconsin/marshfield/ice-skating-rink/marshfield-youth-ice-recreation-center/"
  },
  {
    "Name": "Manitowoc County Ice Center",
    "Address": "5100 Vista Rd, Manitowoc, Wisconsin, United States 54220",
    "Website": "https://www.tripadvisor.com/Attraction_Review-g60057-d11894353-Reviews-Manitowoc_County_Ice_Center-Manitowoc_Wisconsin.html"
  },
  {
    "Name": "Marathon County Park",
    "Address": "Garfield Drive, Wausau, Wisconsin, United States 54401",
    "Website": "https://www.co.marathon.wi.us/Departments/ParksRecreationForestry/Recreation/Camping.aspx"
  },
  {
    "Name": "Madison Ice Arena",
    "Address": "725 Forward Dr, Madison, Wisconsin, United States 53711",
    "Website": "https://www.madisoniceinc.com/"
  },
  {
    "Name": "Mandt Park Ice Arena aka. Stoughton Fairgrounds",
    "Address": "400 Mandt Parkway, Stoughton, Wisconsin, United States 53589",
    "Website": "https://www.facebook.com/mandtcenter"
  },
  {
    "Name": "Lodge Center Ice Arena",
    "Address": "24185 1st Ave S, Siren, Wisconsin, United States 54872",
    "Website": "https://arena-guide.com/arena/lodge-center-ice-arena/"
  },
  {
    "Name": "Lakeland Ice Arena",
    "Address": "7961 Old Hwy 51, Minocqua, Wisconsin, United States 54548",
    "Website": "https://www.lakelandarena.org/"
  },
  {
    "Name": "Ley Pavilion",
    "Address": "600 North Bennett Road, Dodgeville, Wisconsin, United States 53533",
    "Website": "https://www.dodgeville.com/venue/ley-memorial-pavilion/"
  },
  {
    "Name": "Lake Delton Ice Arena aka. Poppy Waterman Ice Arena",
    "Address": "112 Miller Drive, Lake Delton, Wisconsin, United States 53913",
    "Website": "https://www.lakedeltonice.com/"
  },
  {
    "Name": "Labahn Arena",
    "Address": "105 East Campus Mall, Madison, Wisconsin, United States 53715",
    "Website": "https://en.wikipedia.org/wiki/LaBahn_Arena"
  },
  {
    "Name": "Kettle Moraine Ice Center",
    "Address": "2330 S Main St, West Bend, Wisconsin, United States 53095",
    "Website": "https://www.kettlemoraineicecenter.com/"
  },
  {
    "Name": "Kohl Center",
    "Address": "601 West Dayton, Madison, Wisconsin, United States 53715",
    "Website": "https://www.tripadvisor.com/Attraction_Review-g60859-d280429-Reviews-Kohl_Center-Madison_Wisconsin.html"
  },
  {
    "Name": "Kern Center aka. Milwaukee School of Engineering",
    "Address": "1245 N Broadway, Milwaukee, Wisconsin, United States 53202",
    "Website": "https://www.msoe.edu/kern-center/"
  },
  {
    "Name": "K.B. Willett Arena",
    "Address": "1000 Minnesota Ave., Stevens Point, Wisconsin, United States 54481",
    "Website": "http://stevenspoint.com/index.aspx?NID=179"
  },
  {
    "Name": "Kenosha Ice Arena",
    "Address": "7727 60th Ave, Kenosha, Wisconsin, United States 53142",
    "Website": "https://www.wisconsinjets.com/kia"
  },
  {
    "Name": "Jackson County Arena aka. Milt Luna Memorial Arena",
    "Address": "Hwy 54 W, Black River Falls, Wisconsin, United States 54615",
    "Website": ""
  },
  {
    "Name": "Janesville Ice Arena",
    "Address": "821 Beloit Ave, Janesville, Wisconsin, United States 53545",
    "Website": "https://en.m.wikipedia.org/wiki/Janesville_Ice_Arena"
  },
  {
    "Name": "Ice Hawks Arena",
    "Address": "801 Badger Ave., Stevens Point, Wisconsin, United States 54482",
    "Website": "http://www.lakelandarena.org/"
  },
  {
    "Name": "Ice Pond at Waunakee aka. Waunakee DeForest Ice Rink",
    "Address": "1110 Prairie View Drive, Waunakee, Wisconsin, United States 53597",
    "Website": "http://theicepond.com/"
  },
  {
    "Name": "Hunt Arena aka. University of Wisconsin – River Falls",
    "Address": "410 S 3rd St, River Falls, Wisconsin, United States 54022",
    "Website": "https://www.uwrf.edu/AboutUs/Explore/AthleticsandRecreation/HuntArena.cfm"
  },
  {
    "Name": "Hobbs Ice Center",
    "Address": "915 Menomonie St, Eau Claire, Wisconsin, United States 54703",
    "Website": "http://www.eauclairewi.gov/hobbs"
  },
  {
    "Name": "Hudson Civic Center Ice Arena",
    "Address": "1820 Hanley Road, Hudson, Wisconsin, United States 54016",
    "Website": "https://www.midhudsonciviccenter.org/about-mccann-ice-arena/"
  },
  {
    "Name": "Hayward Sports Center",
    "Address": "10475 Sutliff Drive, Hayward, Wisconsin, United States 54843",
    "Website": "https://www.haywardsportscenter.com/"
  },
  {
    "Name": "Hobbs Altoona Sports Center",
    "Address": "2300 Spooner Ave, Altoona, Wisconsin, United States 54720",
    "Website": "https://www.visiteauclaire.com/listing/hobbs-sports-center-altoona/832/"
  },
  {
    "Name": "Hartmeyer Ice Arena",
    "Address": "1834 Commercial Ave, Madison, Wisconsin, United States 53704",
    "Website": "https://en.wikipedia.org/wiki/Hartmeyer_Ice_Arena"
  },
  {
    "Name": "Green Island Ice Arena",
    "Address": "2312 - 7th St. S, LaCrosse, Wisconsin, United States 54601",
    "Website": "https://www.cityoflacrosse.org/your-government/departments/parks-recreation-forestry/green-island-ice-arena"
  },
  {
    "Name": "Greenheck Fieldhouse",
    "Address": "6400 Alderson Street, Schofield, Wisconsin, United States 54476",
    "Website": "https://www.dce.k12.wi.us/Domain/24"
  },
  {
    "Name": "Fanetti Community Center",
    "Address": "620 17th Street, Menomonie, Wisconsin, United States 54751",
    "Website": "http://fanetticommunitycenter.com/"
  },
  {
    "Name": "Grantsburg Hockey Arena",
    "Address": "500 S Roberts St, Grantsburg, Wisconsin, United States 54479",
    "Website": "http://grantsburghockey.com/"
  },
  {
    "Name": "Eble Park Ice Arena",
    "Address": "19400 W Bluemound Road, Brookfield, Wisconsin, United States 53045",
    "Website": "https://www.waukeshacounty.gov/ebleicearena/"
  },
  {
    "Name": "Edwards Ice Arena aka. Telfar Park",
    "Address": "2101 Cranston Road, Beloit, Wisconsin, United States 53511",
    "Website": "https://www.beloitrecreation.com/telferice-arena/"
  },
  {
    "Name": "Eagle River Ice Arena aka. The Dome / The Cube",
    "Address": "4149 Highway 70 East, Eagle River, Wisconsin, United States 54521",
    "Website": "https://www.erra.com/"
  },
  {
    "Name": "Eagle’s Classic Outdoor Ice Arena",
    "Address": "Simonson Rd & Oregon St, St Croix Falls, Wisconsin, United States 54024",
    "Website": "https://www.rivervalleyhockey.com/"
  },
  {
    "Name": "DePere Ice Center",
    "Address": "1450 Fort Howard Ave., DePere, Wisconsin, United States 54115",
    "Website": "https://www.mapquest.com/us/wisconsin/de-pere-ice-arena-6978973"
  },
  {
    "Name": "Crawford Center aka. Shawano County Expo Center",
    "Address": "255 S Waukechon St, Shawano, Wisconsin, United States 54166",
    "Website": "https://crawford-center.com/"
  },
  {
    "Name": "Cumberland Ice Arena aka. Islander Park",
    "Address": "500 8th Ave, Cumberland, Wisconsin, United States 54829",
    "Website": "https://arena-guide.com/city/wi/"
  },
  {
    "Name": "Community REC Center aka. Marinette REC Center",
    "Address": "2501 Pierce Ave, Marinette, Wisconsin, United States 54143",
    "Website": "https://marinette.recdesk.com/Community/Facility/Detail?facilityId=14"
  },
  {
    "Name": "Cornerstone Community Ice Center",
    "Address": "1640 Fernando Drive, DePere, Wisconsin, United States 54115",
    "Website": "https://www.cornerstoneicecenter.org/"
  },
  {
    "Name": "Chippewa Ice Arena",
    "Address": "839 First Ave, Chippewa Falls, Wisconsin, United States 54729",
    "Website": "http://www.gochippewafalls.com/business/chippewa-area-ice-arena"
  },
  {
    "Name": "Community First Champion Center aka. Champion Center",
    "Address": "2200 N McCarthy Rd, Appleton, Wisconsin, United States 54913",
    "Website": "https://championcenterwi.com/"
  },
  {
    "Name": "Capitol Ice Arena",
    "Address": "2616 Pleasant View Rd, Middleton, Wisconsin, United States 53562",
    "Website": "https://www.capitolicearena.com/"
  },
  {
    "Name": "Brown County Arena",
    "Address": "1901 S Oneida St, Green Bay, Wisconsin, United States 54304",
    "Website": "https://en.wikipedia.org/wiki/Brown_County_Veterans_Memorial_Arena"
  },
  {
    "Name": "Camp Randall Sports Center aka. University of Wisconsin Shell",
    "Address": "1430 Monroe St, Madison, Wisconsin, United States 53711",
    "Website": "https://recwell.wisc.edu/shell/"
  },
  {
    "Name": "Blue Line Family Ice Center",
    "Address": "550 Fond du Lac Avenue, Fond du Lac, Wisconsin, United States 54935",
    "Website": "http://www.fdlblueline.com/"
  },
  {
    "Name": "Alliant Energy Center Coliseum aka. Veterans Memorial Coliseum",
    "Address": "1919 Alliant Energy Center Way, Madison, Wisconsin, United States 53713",
    "Website": "https://www.alliantenergycenter.com/facilities/veterans-memorial-coliseum"
  },
  {
    "Name": "Amery Ice Arena",
    "Address": "1065 River Place Dr, Amery, Wisconsin, United States 54001",
    "Website": "https://www.ameryhockey.com/page/show/964693-amery-ice-arena-calendar"
  },
  {
    "Name": "WesBanco Arena",
    "Address": "2 14th St, Wheeling, West Virginia, United States 26003",
    "Website": "http://wesbancoarena.com/"
  },
  {
    "Name": "Wheeling Ice Rink",
    "Address": "1801 National Rd, Wheeling, West Virginia, United States 26003",
    "Website": "https://www.rinktime.com/rinks/united-states/west-virginia/wheeling/ice-skating-rink/wheeling-memorial-skating-rink-ice-skating-rink/"
  },
  {
    "Name": "Morgantown Ice Arena aka. BOPARC Ice Arena",
    "Address": "1001 Mississippi St, Morgantown, West Virginia, United States 26501",
    "Website": "http://www.boparc.org/morgantown-ice-arena.html"
  },
  {
    "Name": "Greenbrier",
    "Address": "300 West Main St, White Sulphur Springs, West Virginia, United States 24986",
    "Website": "https://greenbrier.com/"
  },
  {
    "Name": "Memorial Ice Arena",
    "Address": "20 RHL Blvd., South Charleston, West Virginia, United States 25309",
    "Website": "https://www.tripadvisor.co.nz/Attraction_Review-g59544-d1568873-Reviews-Memorial_Ice_Arena-South_Charleston_West_Virginia.html"
  },
  {
    "Name": "Winthrop Rink",
    "Address": "208 White Ave, Wintrop, Washington, United States 98862",
    "Website": "http://winthroprink.org/"
  },
  {
    "Name": "Yakima Ice Arena",
    "Address": "1700 E Beech St, Yakima, Washington, United States 98901",
    "Website": "https://www.yakimaicerink.com/"
  },
  {
    "Name": "Toyota Center",
    "Address": "7100 W Quinault Ave, Kennewick, Washington, United States 99336",
    "Website": "https://yourtoyotacenter.com/"
  },
  {
    "Name": "TRAC Ice Pavilion",
    "Address": "6600 Burden Blvd, Pasco, Washington, United States 99301",
    "Website": "http://www.hapocenter.com/ice-rink.php"
  },
  {
    "Name": "Toyota Arena",
    "Address": "7016 W Grandridge Blvd, Kennewick, Washington, United States 99336",
    "Website": "https://www.toyota-arena.com/"
  },
  {
    "Name": "Tacoma Twin Rinks",
    "Address": "2645 S 80th St, Tacoma, Washington, United States 98409",
    "Website": "https://www.tacomatwinrinks.com/"
  },
  {
    "Name": "Town Toyota Center",
    "Address": "1300 Walla Walla Ave, Wenatchee, Washington, United States 98801",
    "Website": "https://www.towntoyotacenter.com/"
  },
  {
    "Name": "SportsPlex",
    "Address": "1225 Civic Field Way, Bellingham, Washington, United States 98229",
    "Website": "https://en.wikipedia.org/wiki/Bellingham_Sportsplex"
  },
  {
    "Name": "Sprinker Recreation Center",
    "Address": "14824 C Street South, Tacoma, Washington, United States 98444",
    "Website": "http://www.co.pierce.wa.us/index.aspx?nid=1310"
  },
  {
    "Name": "Snoqualmie Ice Arena aka. Sno-King Ice Arena – Snoqualmie",
    "Address": "3523 SE Douglas St, Snoqualmie, Washington, United States 98065",
    "Website": "https://snokingsnoqualmie.com/"
  },
  {
    "Name": "Spokane Arena",
    "Address": "720 W Mallon Ave, Spokane, Washington, United States 99201",
    "Website": "http://spokanearena.com/"
  },
  {
    "Name": "Sno-King Ice Arena – Kirkland",
    "Address": "14326 124 Ave NE, Kirkland, Washington, United States 98034",
    "Website": "http://snokingkirkland.com/"
  },
  {
    "Name": "Sno-King Ice Arena – Renton",
    "Address": "12620 164th Ave SE, Renton, Washington, United States 98059",
    "Website": "http://www.snokingrenton.com/"
  },
  {
    "Name": "ShoWare Center",
    "Address": "625 W James St, Kent, Washington, United States 98032",
    "Website": "https://www.accessoshowarecenter.com/"
  },
  {
    "Name": "Olympicview Ice Arena",
    "Address": "22202 70th Ave W, Mountlake Terrace, Washington, United States 98043",
    "Website": "http://www.olympicviewarena.com/"
  },
  {
    "Name": "Riverfront Park Ice Palace",
    "Address": "507 N Howard St, Spokane, Washington, United States 99201",
    "Website": "https://www.tripadvisor.com/ShowUserReviews-g58759-d146280-r461006253-Riverfront_Park-Spokane_Washington.html"
  },
  {
    "Name": "Moses Lake Ice Rink",
    "Address": "610 S Yakima Ave, Moses Lake, Washington, United States 98837",
    "Website": "http://www.cityofml.com/index.aspx?NID=271"
  },
  {
    "Name": "Mountain View Ice Arena",
    "Address": "14313 SE Mill Plain Blvd, Vancouver, Washington, United States 98684",
    "Website": "https://www.facebook.com/Mountain-View-Ice-Arena-104669189613717/"
  },
  {
    "Name": "Key Arena",
    "Address": "305 Harrison St, Seattle, Washington, United States 98109",
    "Website": "https://www.tripadvisor.co.uk/Attraction_Review-g60878-d143566-Reviews-KeyArena-Seattle_Washington.html"
  },
  {
    "Name": "Lynnwood Ice Center",
    "Address": "19803 68th Ave W, Lynnwood, Washington, United States 98036",
    "Website": "https://www.lynnwoodicecenter.com/"
  },
  {
    "Name": "Kent Valley Ice Centre",
    "Address": "6015 S 240th St, Kent, Washington, United States 98032",
    "Website": "https://www.kentvalleyicecentre.net/"
  },
  {
    "Name": "Eastern Washington University Recreation Center",
    "Address": "N 10th St & Cedar St, Cheney, Washington, United States 99004",
    "Website": "https://inside.ewu.edu/recreationfacilities/universityrecreationcenter/"
  },
  {
    "Name": "Highland Ice Arena",
    "Address": "18005 Aurora Ave N, Shoreline, Washington, United States 98133",
    "Website": "https://www.highlandice.com/"
  },
  {
    "Name": "Eagles Ice Arena",
    "Address": "6321 N Addison, Spokane, Washington, United States 99208",
    "Website": "http://www.eaglesicearena.com/"
  },
  {
    "Name": "Community Ice Rink",
    "Address": "2000 Hewitt Ave, Everett, Washington, United States 98201",
    "Website": "https://www.yaktrinews.com/holiday-ice-skating-outdoor-rinks-open-in-washington-oregon/"
  },
  {
    "Name": "Angel of the Winds Arena aka. Everett Events Center",
    "Address": "2000 Hewitt Ave, Everett, Washington, United States 98201",
    "Website": "https://www.angelofthewindsarena.com/"
  },
  {
    "Name": "Bremerton Ice Center",
    "Address": "1950 Homer Jones Drive, Bremerton, Washington, United States 98310",
    "Website": "https://www.tripadvisor.co.uk/Attraction_Review-g58364-d2441103-Reviews-Bremerton_Ice_Center-Bremerton_Washington.html"
  },
  {
    "Name": "St James Sports Center aka. The St James",
    "Address": "6805 Industrial Rd, Springfield, Virginia, United States 22151",
    "Website": "https://www.thestjames.com/"
  },
  {
    "Name": "SkateNation Plus",
    "Address": "4350 Pouncey Tract Road, Glen Allen, Virginia, United States 23060",
    "Website": "https://www.richmondskating.com/skp/"
  },
  {
    "Name": "SkateQuest",
    "Address": "1800 Michael Farady Court, Reston, Virginia, United States 20190",
    "Website": "https://www.skatequest.com/"
  },
  {
    "Name": "Richmond Coliseum",
    "Address": "601 E. Leigh St, Richmond, Virginia, United States 23219",
    "Website": "https://www.tripadvisor.com/Attraction_Review-g60893-d4707947-Reviews-Richmond_Coliseum-Richmond_Virginia.html"
  },
  {
    "Name": "Richmond Ice Zone",
    "Address": "636 Johnston Willis Dr, Richmond, Virginia, United States 23236",
    "Website": "https://richmondskating.com/riz/"
  },
  {
    "Name": "Norfolk Scope Arena",
    "Address": "201 E. Brambleton Ave, Norfolk, Virginia, United States 23510",
    "Website": "https://en.wikipedia.org/wiki/Norfolk_Scope"
  },
  {
    "Name": "Prince William Ice Center",
    "Address": "5180 Dale Blvd, Dale City, Virginia, United States 22193",
    "Website": "https://www.pwice.com/"
  },
  {
    "Name": "MedStar Capitals Iceplex",
    "Address": "627 North Glebe Rd, Arlington, Virginia, United States 22203",
    "Website": "https://www.medstarcapitalsiceplex.com/"
  },
  {
    "Name": "Mt. Vernon Recreation Center",
    "Address": "2017 Belle View Blvd, Alexandria, Virginia, United States 22307",
    "Website": "https://www.fairfaxcounty.gov/parks/recenter/mount-vernon"
  },
  {
    "Name": "Loudoun Ice Centre",
    "Address": "22149 Davis Dr, Sterling, Virginia, United States 20164",
    "Website": "https://www.loudounice.com/"
  },
  {
    "Name": "LaHaye Ice Center",
    "Address": "1971 University Blvd, Lynchburg, Virginia, United States 24502",
    "Website": "https://www.liberty.edu/lahaye-ice-center/"
  },
  {
    "Name": "Lancerlot Sports Complex",
    "Address": "1110 Vinyard Rd, Vinton, Virginia, United States 24179",
    "Website": "https://lancerlotsportscomplex.com/"
  },
  {
    "Name": "ION International Training Center",
    "Address": "19201 Compass Creek Parkway, Leesburg, Virginia, United States 20175",
    "Website": "https://www.ionitc.com/"
  },
  {
    "Name": "Iceland Family Skating Center",
    "Address": "4915 Broad St, Virginia Beach, Virginia, United States 23462",
    "Website": "https://www.visitvirginiabeach.com/listing/iceland-family-skating-center/2541/"
  },
  {
    "Name": "Hampton Roads IcePlex",
    "Address": "401 Village Ave, Yorktown, Virginia, United States 23693",
    "Website": "http://www.hriceplex.com/"
  },
  {
    "Name": "Haymarket Iceplex",
    "Address": "15155 Washington Street, Haymarket, Virginia, United States 20169",
    "Website": "https://www.haymarketiceplex.com/"
  },
  {
    "Name": "Chilled Ponds Ice Arena",
    "Address": "1416 Stephanie Way, Chesapeake, Virginia, United States 23320",
    "Website": "http://www.chilledponds.com/"
  },
  {
    "Name": "Fairfax Ice Arena",
    "Address": "3779 Pickett Rd, Fairfax, Virginia, United States 22031",
    "Website": "https://www.fairfaxicearena.com/"
  },
  {
    "Name": "Berglund Center aka. Roanoke Civic Center",
    "Address": "710 Williamson Road NE, Roanoke, Virginia, United States 24016",
    "Website": "https://theberglundcenter.com/27/Events"
  },
  {
    "Name": "Wendell A Barwood Arena aka. Hartford Municipal Arena",
    "Address": "45 Highland Ave, White River Junction, Vermont, United States 5001",
    "Website": "https://www.hartford-vt.org/2323/Wendell-A-Barwood-Arena"
  },
  {
    "Name": "Ashburn Ice House",
    "Address": "21595 Smiths Switch Rd, Ashburn, Virginia, United States 20147",
    "Website": "https://www.ashburnice.com/"
  },
  {
    "Name": "Union Arena",
    "Address": "496 Woodstock Rd, Woodstock, Vermont, United States 5091",
    "Website": "https://unionarena.org/"
  },
  {
    "Name": "Vermont Hockey Training Center",
    "Address": "25 Tigan Street, Winooski, Vermont, United States 5404",
    "Website": "https://www.facebook.com/TheVermontHockeyTrainingCenter"
  },
  {
    "Name": "Stowe Arena",
    "Address": "350 Park Street, Stowe, Vermont, United States 5672",
    "Website": "https://www.stowerec.org/about-stowe-arena/"
  },
  {
    "Name": "Thompson Memorial Ice Rink",
    "Address": "340 Recreation Park Rd, Manchester Center, Vermont, United States 5255",
    "Website": "https://www.cnn.com/2020/10/20/us/vermont-ice-rink-covid-trnd/index.html"
  },
  {
    "Name": "Spartan Arena",
    "Address": "46 Diamond Run Mall Place, Rutland, Vermont, United States 5701",
    "Website": "https://www.castleton.edu/about-castleton/our-campus/the-spartan-arena/"
  },
  {
    "Name": "Northshire Civic Centre aka. Riley Rink",
    "Address": "410 Hunter Park Rd, Manchester, Vermont, United States 5255",
    "Website": "https://www.facebook.com/anika.maisey"
  },
  {
    "Name": "Royce Mandigo Arena",
    "Address": "Dana Ave, Rutland, Vermont, United States 5701",
    "Website": "https://arena-guide.com/arena/royce-mandigo-arena/"
  },
  {
    "Name": "Michael Choukas Ice Rink",
    "Address": "Pleasant St, Saxton's River, Vermont, United States 5143",
    "Website": "https://www.vermontacademy.org/athletics/athletic-facilities"
  },
  {
    "Name": "Nelson Withington Rink",
    "Address": "Guilford St, Brattleboro, Vermont, United States 5301",
    "Website": "https://www.brattleboro.org/index.asp?SEC=84AB2002-9D38-4963-AD6E-3268F641848B&DE=CA84D746-6EAF-46A2-9D1C-BD2F94785E93"
  },
  {
    "Name": "Leddy Park Arena aka. Gordon H. Paguette Arena",
    "Address": "216 Leddy Park Rd, Burlington, Vermont, United States 5408",
    "Website": "https://www.yellowpages.com/burlington-vt/mip/paquette-arena-469418808"
  },
  {
    "Name": "Memorial Sports Center",
    "Address": "296 Buttolph Dr, Middlebury, Vermont, United States 5753",
    "Website": "http://memorialsportscenter.org/"
  },
  {
    "Name": "Kick Ice Arena",
    "Address": "276 E. Allen St, Burlington, Vermont, United States 5404",
    "Website": "https://arena-guide.com/city/vt/"
  },
  {
    "Name": "Kreitzberg Arena",
    "Address": "58 Harmon Dr, Northfield, Vermont, United States 5663",
    "Website": "https://www.facebook.com/Kreitzberg-Arena-119734518061129/"
  },
  {
    "Name": "IROC Rink",
    "Address": "400 Quarry Rd, Derby, Vermont, United States 5855",
    "Website": "https://www.rinktime.com/rinks/united-states/vermont/newport/ice-skating-rink/iroc/"
  },
  {
    "Name": "Ice Center",
    "Address": "546 River Rd, Waterbury, Vermont, United States 5676",
    "Website": "https://www.ice.gov/lesc"
  },
  {
    "Name": "Ice Haus Arena",
    "Address": "830 Jay Peek Rd, Jay, Vermont, United States 5859",
    "Website": "https://jaypeakresort.com/things-to-do/activities/ice-haus-indoor-arena"
  },
  {
    "Name": "Highgate Sports Arena",
    "Address": "219 Gore Rd, Highgate Center, Vermont, United States 5459",
    "Website": "http://www.highgatevt.org/index.asp?SEC=E7BE89C5-2C7B-4AC1-9EFD-20C1E4B3EE23&Type=B_BASIC"
  },
  {
    "Name": "Highgate Sports Arena",
    "Address": "219 Gore Rd, Highgate Center, Vermont, United States 5459",
    "Website": "http://www.highgatevt.org/index.asp?SEC=E7BE89C5-2C7B-4AC1-9EFD-20C1E4B3EE23&Type=B_BASIC"
  },
  {
    "Name": "Green Mountain Arena",
    "Address": "704 Bridge St, Morrisville, Vermont, United States 5661",
    "Website": "https://en.wikipedia.org/wiki/Green_Mountain_Arena"
  },
  {
    "Name": "Gutterson Field House",
    "Address": "Spear St, Burlington, Vermont, United States 5403",
    "Website": "https://en.wikipedia.org/wiki/Gutterson_Fieldhouse"
  },
  {
    "Name": "Giorgetti Arena",
    "Address": "Preville Ave & Oak St, Rutland, Vermont, United States 5701",
    "Website": "https://www.rutlandrec.com/giorgetti/"
  },
  {
    "Name": "Essex Skating Facility",
    "Address": "2 Educational Dr, Essex Junction, Vermont, United States 5452",
    "Website": "https://www.ewsd.org/domain/130"
  },
  {
    "Name": "Fenton Chester Arena",
    "Address": "Harris Hill Rd, Lyndon Center, Vermont, United States 5851",
    "Website": "http://www.chesterarena.org/"
  },
  {
    "Name": "Chip Kenyon Arena",
    "Address": "South Main St., Middlebury, Vermont, United States 5753",
    "Website": "https://athletics.middlebury.edu/facilities/kenyonarena"
  },
  {
    "Name": "Collins-Perley Sports Center",
    "Address": "164 Fairfax Rd, St Albans, Vermont, United States 5478",
    "Website": "https://collinsperleysports.myrec.com/info/default.aspx"
  },
  {
    "Name": "Cairns Arena",
    "Address": "600 Swift St, South Burlington, Vermont, United States 5403",
    "Website": "http://www.cairnsarena.com/"
  },
  {
    "Name": "Cental Vermont Civic Center",
    "Address": "268 Gallison Hill Rd, Montpelier, Vermont, United States 5602",
    "Website": "https://www.cvmcc.org/"
  },
  {
    "Name": "Barre City B.O.R. Rink",
    "Address": "25 Auditorium Hill, Barre, Vermont, United States 5641",
    "Website": "https://www.barrecity.org/bor.html"
  },
  {
    "Name": "South Davis Recreation Center",
    "Address": "550 N. 200 West, Bountiful, Utah, United States 84010",
    "Website": "https://southdavisrecreation.com/"
  },
  {
    "Name": "Western Park Ice Rink aka. Vernal Ice Rink",
    "Address": "302 E 200 S, Vernal, Utah, United States 84078",
    "Website": "https://www.westernpark.org/"
  },
  {
    "Name": "Peaks Ice Arena",
    "Address": "100 N Seven Peaks Blvd, Provo, Utah, United States 84606",
    "Website": "https://www.provo.org/community/peaks-ice-arena"
  },
  {
    "Name": "Salt Lake Sports Complex aka. Steiner Ice Arena",
    "Address": "645 S Guardsman Way, Salt Lake City, Utah, United States 84108",
    "Website": "https://www.slco.org/sports-complex/"
  },
  {
    "Name": "Park City Ice Arena",
    "Address": "600 Gillmor Way, Park City, Utah, United States 84060",
    "Website": "http://www.parkcity.org/departments/park-city-ice-arena"
  },
  {
    "Name": "Ogden Ice Sheet aka. Weber County Ice Sheet",
    "Address": "4390 Harrison Blvd, Ogden, Utah, United States 84403",
    "Website": "http://www.webercountyutah.gov/Ice_Sheet/"
  },
  {
    "Name": "Olympic Oval aka. Oval Ice Arena",
    "Address": "5662 Cougar Lane, Kearns, Utah, United States 84118",
    "Website": "https://utaholympiclegacy.org/location/utah-olympic-oval/"
  },
  {
    "Name": "Glacier Ice Rink aka. Cedar City Glacier Ice Rink",
    "Address": "2090 W Royal Hunte Dr, Cedar City, Utah, United States 84720",
    "Website": "https://www.cedarcityglacier.com/schedule-1"
  },
  {
    "Name": "Maverik Center",
    "Address": "3200 South Decker Lake Dr, West Valley City, Utah, United States 84119",
    "Website": "https://maverikcenter.com/"
  },
  {
    "Name": "County Ice Center aka. Murray Arena",
    "Address": "5201 S. Murray Park Lane, Murray, Utah, United States 84107",
    "Website": "https://slco.org/county-ice/"
  },
  {
    "Name": "Eccles Ice Center aka. George S Eccles Ice Center",
    "Address": "2825 North 200 East, North Logan, Utah, United States 84341",
    "Website": "https://www.ecclesice.com/"
  },
  {
    "Name": "Cottonwood Heights Arena",
    "Address": "7500 S 2700 E, Salt Lake City, Utah, United States 84121",
    "Website": "https://cottonwoodheights.com/ice"
  },
  {
    "Name": "Acord Ice Center aka. West Valley Acord Ice Center",
    "Address": "5353 West 3100 South, West Valley City, Utah, United States 84120",
    "Website": "https://slco.org/acord-ice/"
  },
  {
    "Name": "Toyota Center",
    "Address": "1510 Polk St, Houston, Texas, United States 77002",
    "Website": "https://www.toyotacenter.com/"
  },
  {
    "Name": "StarCenter – Valley Ranch",
    "Address": "211 Cowboys Parkway, Irving, Texas, United States 75063",
    "Website": "https://www.nhl.com/stars/starcenters/valley-ranch"
  },
  {
    "Name": "Sugar Land Ice Center",
    "Address": "16225 Lexington Blvd, Sugar Land, Texas, United States 77479",
    "Website": "http://sugarlandice.com/index.html"
  },
  {
    "Name": "StarCenter – Plano",
    "Address": "4020 W Plano Pkwy, Plano, Texas, United States 75093",
    "Website": "https://www.nhl.com/stars/starcenters/plano"
  },
  {
    "Name": "StarCenter – Richardson",
    "Address": "522 Centennial Blvd, Richardson, Texas, United States 75081",
    "Website": "https://www.nhl.com/stars/starcenters/richardson"
  },
  {
    "Name": "StarCenter – McKinney",
    "Address": "6993 Stars Ave, McKinney, Texas, United States 75070",
    "Website": "https://www.nhl.com/stars/starcenters/mckinney"
  },
  {
    "Name": "StarCenter – Frisco aka. Comerica Center",
    "Address": "2601 Avenue of the Stars, Frisco, Texas, United States 75034",
    "Website": "https://www.comericacenter.com/"
  },
  {
    "Name": "StarCenter – Mansfield",
    "Address": "1715 E Broad St, Mansfield, Texas, United States 76063",
    "Website": "https://www.nhl.com/stars/starcenters/mansfield"
  },
  {
    "Name": "StarCenter – Farmers Branch",
    "Address": "12700 N Stemmons Frwy, Farmers Branch, Texas, United States 75234",
    "Website": "https://www.nhl.com/stars/starcenters/farmers-branch"
  },
  {
    "Name": "Spirit Ice Arena",
    "Address": "400 Holloman Dr E, College Station, Texas, United States 77840",
    "Website": "http://spiriticearena.com/"
  },
  {
    "Name": "StarCenter – Euless",
    "Address": "1400 South Pipeline, Euless, Texas, United States 76040",
    "Website": "https://www.nhl.com/stars/starcenters/euless"
  },
  {
    "Name": "NYTEX Sports Centre",
    "Address": "8851 Ice House Dr, North Richland Hills, Texas, United States 76180",
    "Website": "https://www.nytexsports.com/"
  },
  {
    "Name": "Pond",
    "Address": "9402 United Dr, Austin, Texas, United States 78758",
    "Website": "https://en.wikipedia.org/wiki/List_of_lakes_in_Texas"
  },
  {
    "Name": "Northwoods Ice Center",
    "Address": "17530 Henderson Pass, San Antonio, Texas, United States 78232",
    "Website": "https://www.tripadvisor.com/Attraction_Review-g60956-d1548054-Reviews-Ice_Golf_Center_at_Northwoods-San_Antonio_Texas.html"
  },
  {
    "Name": "Kay Yeager Coliseum aka. Wichita Falls Multipurpose Events Center",
    "Address": "900 5th St, Wichita Falls, Texas, United States 76301",
    "Website": "https://wfmpec.com/venue/kay-yeager-coliseum/"
  },
  {
    "Name": "MCM Ice Rink",
    "Address": "4101 E 42nd St, Odessa, Texas, United States 79762",
    "Website": "http://mcmicerink.com/"
  },
  {
    "Name": "HEB Center",
    "Address": "2100 Avenue of the Stars, Cedar Park, Texas, United States 78613",
    "Website": "http://www.hebcenter.com/"
  },
  {
    "Name": "Ice Skate USA aka. Memorial City Ice Rink",
    "Address": "303 Memorial City Way, Houston, Texas, United States 77024",
    "Website": "https://www.iceskatememorialcity.com/"
  },
  {
    "Name": "El Paso County Events Center",
    "Address": "4100 E Paisano Dr, El Paso, Texas, United States 79905",
    "Website": "https://www.ticketmaster.com/Events-Center-tickets-El-Paso/venue/99166"
  },
  {
    "Name": "Chaparral Ice at the Crossover",
    "Address": "1717 Scottsdale Dr, Cedar Park, Texas, United States 78641",
    "Website": "https://cp.chaparralice.com/"
  },
  {
    "Name": "Ector County Coliseum",
    "Address": "4201 Andrews Hwy, Odessa, Texas, United States 79762",
    "Website": "http://www.ectorcountycoliseum.org/"
  },
  {
    "Name": "Cedar Park Center",
    "Address": "2100 Avenue of the Stars, Cedar Park, Texas, United States 78613",
    "Website": "http://www.hebcenter.com/"
  },
  {
    "Name": "Chaparral Ice at Northcross aka. Northcross Ice Mall",
    "Address": "2525 West Anderson Ln, Austin, Texas, United States 78758",
    "Website": "https://www.chaparralice.com/about-us"
  },
  {
    "Name": "AT&T Center",
    "Address": "One AT&T Center Pkwy, San Antonio, Texas, United States 78219",
    "Website": "https://en.wikipedia.org/wiki/AT%26T_Center"
  },
  {
    "Name": "Bellerive Ice Center aka. Sharpstown Ice Rink",
    "Address": "7300 Bellerive, Houston, Texas, United States 77036",
    "Website": "https://www.belleriveice.com/"
  },
  {
    "Name": "AmericanBank Center",
    "Address": "1901 N Shoreline Blvd, Corpus Christi, Texas, United States 78401",
    "Website": "https://americanbankcenter.com/"
  },
  {
    "Name": "Amarillo Civic Center aka. Budweiser Bull Pen",
    "Address": "401 S Buchannon St, Amarillo, Texas, United States 79101",
    "Website": "https://www.amarillociviccenter.com/"
  },
  {
    "Name": "American Airlines Center",
    "Address": "2500 Victory Avenue, Dallas, Texas, United States 75219",
    "Website": "http://www.americanairlinescenter.com/"
  },
  {
    "Name": "Allen Community Ice Rink",
    "Address": "200 E Stacy Rd, Allen, Texas, United States 75002",
    "Website": "https://www.cityofallen.org/1391/Allen-Community-Ice-Rink"
  },
  {
    "Name": "Allen Events Center aka. AEC",
    "Address": "200 E Stacy Rd, Allen, Texas, United States 75002",
    "Website": "https://alleneventcenter.com/"
  },
  {
    "Name": "Aerodrome Ice Skating Complex",
    "Address": "8220 Willow Place Dr N, Houston, Texas, United States 77070",
    "Website": "https://www.aerodromes.com/"
  },
  {
    "Name": "Knoxville Civic Coliseum",
    "Address": "500 Howard Baker Jr Ave, Knoxville, Tennessee, United States 37915",
    "Website": "https://www.knoxvillecoliseum.com/"
  },
  {
    "Name": "Ober Gatlingburg Ice Rink",
    "Address": "13390 Ski Mountain Rd, Gatlinburg, Tennessee, United States 37738",
    "Website": "https://obergatlinburg.com/ice-skating/"
  },
  {
    "Name": "Ford Ice Center – Antioch",
    "Address": "5264 Hickory Hollow Pkwy, Antioch, Tennessee, United States 37013",
    "Website": "https://www.nhl.com/predators/fordicecenter"
  },
  {
    "Name": "Ford Ice Center – Bellevue aka. Bellevue",
    "Address": "7620 Hwy 70, Bellevue, Tennessee, United States 37221",
    "Website": "https://www.nhl.com/predators/fordicecenter/bellevue"
  },
  {
    "Name": "Chalet Ice",
    "Address": "100 Lebanon St, Knoxville, Tennessee, United States 37919",
    "Website": "https://www.facebook.com/IceChalet"
  },
  {
    "Name": "Cool Sports aka. Icearium",
    "Address": "110 S Watt Rd, Knoxville, Tennessee, United States 37934",
    "Website": "https://www.visitknoxville.com/listings/cool-sports-home-of-the-icearium/465/"
  },
  {
    "Name": "Centennial Sportsplex",
    "Address": "222 25th North Ave, Nashville, Tennessee, United States 37203",
    "Website": "https://www.tripadvisor.com/Attraction_Review-g55229-d9859462-Reviews-Centennial_Sportsplex-Nashville_Davidson_County_Tennessee.html"
  },
  {
    "Name": "Yankton Ice Arena",
    "Address": "901 Whiting Drive, Yankton, South Dakota, United States 57078",
    "Website": "https://www.yanktonice.org/"
  },
  {
    "Name": "Bridgestone Arena",
    "Address": "501 Broadway, Nashville, Tennessee, United States 37203",
    "Website": "https://www.bridgestonearena.com/"
  },
  {
    "Name": "Sioux Falls Ice & Rec Center",
    "Address": "1600 W 51st St, Sioux Falls, South Dakota, United States 57105",
    "Website": "https://www.facebook.com/Sioux-Falls-Ice-and-Rec-Center-250849018279519/"
  },
  {
    "Name": "Thunderdome",
    "Address": "5611 Old Folsom Rd, Rapid City, South Dakota, United States 57703",
    "Website": "https://eventful.com/rapidcity/venues/rushmore-thunderdome-/V0-001-006336927-1"
  },
  {
    "Name": "Rushmore Plaza Civic Center",
    "Address": "444 Mt Rushmore Rd, Rapid City, South Dakota, United States 57701",
    "Website": "https://www.gotmine.com/"
  },
  {
    "Name": "Scheels IcePlex aka. Sanford Sports Complex",
    "Address": "4300 N Bobhalla Drive, Sioux Falls, South Dakota, United States 57107",
    "Website": "https://www.scheelsiceplex.com/"
  },
  {
    "Name": "Roosevelt Park Ice Arena",
    "Address": "235 Waterloo St, Rapid City, South Dakota, United States 57701",
    "Website": "https://www.facebook.com/rooseveltparkicearena"
  },
  {
    "Name": "Mitchell Ice Arena",
    "Address": "1001 N Minnesota St, Mitchell, South Dakota, United States 57301",
    "Website": "https://www.cityofmitchell.org/439/Ice-Arena"
  },
  {
    "Name": "Odde Ice Center",
    "Address": "400 24th Ave NW, Aberdeen, South Dakota, United States 57401",
    "Website": "https://www.aberdeenwings.com/odde-ice-center"
  },
  {
    "Name": "Maas Ice Arena aka. Watertown Ice Arena",
    "Address": "112 21st St SW, Watertown, South Dakota, United States 57201",
    "Website": "https://www.watertownsd.us/354/MAAS-Ice-Arena"
  },
  {
    "Name": "McHardy Park",
    "Address": "720 S McHardy Rd, Brandon, South Dakota, United States 57005",
    "Website": "https://www.mapquest.com/us/south-dakota/mchardy-park-351462329"
  },
  {
    "Name": "ExpoCenter Arena",
    "Address": "320 Casey Tibbs St, Fort Pierre, South Dakota, United States 57532",
    "Website": "https://arena-guide.com/arena/expo-center-hockey-rink/"
  },
  {
    "Name": "Larson Ice Center",
    "Address": "924 32nd Ave, Brookings, South Dakota, United States 57006",
    "Website": "http://www.cityofbrookings.org/index.aspx?NID=308"
  },
  {
    "Name": "Denny Sanford Premier Center prev. Sioux Falls Arena",
    "Address": "1201 N West Ave, Sioux Falls, South Dakota, United States 57104",
    "Website": "https://www.dennysanfordpremiercenter.com/"
  },
  {
    "Name": "Plex Ice Arena",
    "Address": "1019 Broad Stone Rd, Irmo, South Carolina, United States 29063",
    "Website": "http://plexhiwire.com/irmo/activities/ice-skating/"
  },
  {
    "Name": "Bergman Arena",
    "Address": "1075 18th St SW, Huron, South Dakota, United States 57350",
    "Website": "https://www.rinktime.com/rinks/united-states/south-dakota/huron/ice-skating-rink/bergman-arena-ice/"
  },
  {
    "Name": "North Charleston Coliseum",
    "Address": "5001 Coliseum Dr, North Charleston, South Carolina, United States 29418",
    "Website": "https://www.northcharlestoncoliseumpac.com/"
  },
  {
    "Name": "Pavilion Recreation Complex",
    "Address": "400 Scottswood Rd, Taylors, South Carolina, United States 29687",
    "Website": "https://greenvillerec.com/parks/pavilion-recreation-complex/"
  },
  {
    "Name": "Carolina Ice Palace",
    "Address": "7665 Northwoods Blvd, North Charleston, South Carolina, United States 29406",
    "Website": "http://www.carolinaicepalace.com/"
  },
  {
    "Name": "Ice Station",
    "Address": "211 School St, Greer, South Carolina, United States 29651",
    "Website": "https://www.tripadvisor.com/Restaurant_Review-g54441-d4961193-Reviews-Ice_Cream_Station-Simpsonville_South_Carolina.html"
  },
  {
    "Name": "Bon Secours Wellness Arena",
    "Address": "650 N Academy St, Greenville, South Carolina, United States 29601",
    "Website": "http://www.bonsecoursarena.com/"
  },
  {
    "Name": "Thayer Warburton Arenas",
    "Address": "975 Sandy Lane, Warwick, Rhode Island, United States 2889",
    "Website": "https://www.warwickri.gov/parks-and-recreation/pages/thayer-warburton-ice-arenas"
  },
  {
    "Name": "West Warwick Civic Center aka. Benny Magiera Ice Rink",
    "Address": "100 Factory St, West Warwick, Rhode Island, United States 2893",
    "Website": "https://www.westwarwickri.org/?SEC=706EFDDE-B8A8-457B-8035-C96BC10019E1"
  },
  {
    "Name": "Schneider Arena aka. Providence College",
    "Address": "512 Admiral St, Providence, Rhode Island, United States 2908",
    "Website": "https://en.wikipedia.org/wiki/Schneider_Arena"
  },
  {
    "Name": "Smithfield Municipal Ice Rink",
    "Address": "109 Pleasant View Ave, Smithfield, Rhode Island, United States 2917",
    "Website": "https://www.smithfieldri.com/ice-rink/"
  },
  {
    "Name": "Portsmouth Abbey School Rink",
    "Address": "285 Cory's Lane, Portsmouth, Rhode Island, United States 2871",
    "Website": "https://www.portsmouthabbey.org/"
  },
  {
    "Name": "Rhode Island Sports Center",
    "Address": "1186 Edding Dowling Hwy, North Smithfield, Rhode Island, United States 2896",
    "Website": "http://www.risportscenter.com/programsleagues/ahleagues.php"
  },
  {
    "Name": "June Rockwell Levy Rink aka. Burrillville HS",
    "Address": "425 East Ave, Harrisville, Rhode Island, United States 2830",
    "Website": "https://myhockeyrankings.com/rink_info.php?r=976"
  },
  {
    "Name": "Meehan Auditorium aka. George Meehan Auditorium",
    "Address": "235 Hope St, Providence, Rhode Island, United States 2906",
    "Website": "https://en.wikipedia.org/wiki/Meehan_Auditorium"
  },
  {
    "Name": "Dunkin’ Donuts Center",
    "Address": "1 LaSalle Square, Providence, Rhode Island, United States 2840",
    "Website": "http://www.dunkindonutscenter.com/"
  },
  {
    "Name": "Cranston Veterans Memorial Rink",
    "Address": "900 Phenix Ave, Cranston, Rhode Island, United States 2921",
    "Website": "https://www.cvmrink.com/"
  },
  {
    "Name": "Dennis Lynch Arena aka. Lynch Arena",
    "Address": "25 Andrew Ferland Way, Pawtucket, Rhode Island, United States 2860",
    "Website": "https://www.rinktime.com/rinks/united-states/rhode-island/pawtucket/ice-skating-rink/dennis-m-lynch-arena/"
  },
  {
    "Name": "Boss Ice Arena aka. Bradford R. Boss Arena",
    "Address": "One Keney Rd, Kingston, Rhode Island, United States 2840",
    "Website": "https://www.bossicearena.com/"
  },
  {
    "Name": "Cabot-Harmon Ice Center aka. St Georges School",
    "Address": "371 Purgatory Rd, Middletown, Rhode Island, United States 2842",
    "Website": "http://www.openicetimes.com/rhodeislandrinks/"
  },
  {
    "Name": "Adelard Arena aka. Mt St Charles Academy Arena",
    "Address": "800 Logee St, Woonsocket, Rhode Island, United States 2895",
    "Website": "https://www.mountsaintcharles.org/"
  },
  {
    "Name": "Wissahickon Skating Club",
    "Address": "550 W. Willow Grove Ave., Philadelphia, Pennsylvania, United States 19118",
    "Website": "https://www.wissskating.com/"
  },
  {
    "Name": "York Ice Arena",
    "Address": "941 Vander Ave, York, Pennsylvania, United States 17403",
    "Website": "http://yorkskate.com/"
  },
  {
    "Name": "Wintersport Ice Sports Arena",
    "Address": "551 York Rd, Willow Grove, Pennsylvania, United States 19090",
    "Website": "http://wintersportsice.com/"
  },
  {
    "Name": "Wells Fargo Center",
    "Address": "3601 S Broad St, Philadelphia, Pennsylvania, United States 19145",
    "Website": "https://www.wellsfargocenterphilly.com/"
  },
  {
    "Name": "Upland Country Day School Rink aka. CCSC Barn",
    "Address": "619 Byrd Road, Kennett Square, Pennsylvania, United States 19348",
    "Website": "https://myhockeyrankings.com/rink_info.php?r=1515"
  },
  {
    "Name": "UPMC Lemieux Sports Complex aka. Lemieux Sport Complex",
    "Address": "8000 Cranberry Springs Drive, Cranberry Twp, Pennsylvania, United States 16066",
    "Website": "https://www.upmclemieuxsportscomplex.com/"
  },
  {
    "Name": "Twin Ponds East",
    "Address": "3904 Corey Rd Harrisburg, Harrisburg, Pennsylvania, United States 17109",
    "Website": "http://twinponds.com/"
  },
  {
    "Name": "Tarken Ice Rink",
    "Address": "6250 Frontenac St, Philadelphia, Pennsylvania, United States 19111",
    "Website": "https://www.facebook.com/Tarkenplayground/"
  },
  {
    "Name": "Toyota Sportsplex",
    "Address": "38 Coal Street, Wilkes Barre, Pennsylvania, United States 18702",
    "Website": "http://toyotasportsplex.com/"
  },
  {
    "Name": "Steel Ice Center",
    "Address": "320 E 1st St, Bethlehem, Pennsylvania, United States 18015",
    "Website": "http://www.steelicecenter.com/"
  },
  {
    "Name": "Sunbury Ice Rink",
    "Address": "1200 Memorial Drive, Sunbury, Pennsylvania, United States 17801",
    "Website": "https://www.facebook.com/pages/Sunbury-Ice-Skating-Rink/144946385602178"
  },
  {
    "Name": "South Park Ice Rink",
    "Address": "South Park, Corrigan Drive, Bethel Park, Pennsylvania, United States 15129",
    "Website": "https://www.alleghenycounty.us/parks/activities/winter-sports/ice-skating---hockey.aspx"
  },
  {
    "Name": "Springfield Ice Rink",
    "Address": "400 W Sproul Rd, Springfield, Pennsylvania, United States 19064",
    "Website": "http://www.springfieldicerink.com/"
  },
  {
    "Name": "South Hills YMCA",
    "Address": "305 Church Rd, Bethel Park, Pennsylvania, United States 15102",
    "Website": "https://www.mystore411.com/store/view/4043525/YMCA-Pittsburgh"
  },
  {
    "Name": "Simons Ice Rink",
    "Address": "7200 Woolston Ave, Philadelphia, Pennsylvania, United States 19138",
    "Website": "https://simonsrec.weebly.com/ice-skating.html"
  },
  {
    "Name": "Skatium aka. Haverford Skatium",
    "Address": "1002 Darby Rd, Havertown, Pennsylvania, United States 19083",
    "Website": "http://haverfordskatium.com/Skatium/"
  },
  {
    "Name": "Santander Arena",
    "Address": "700 Penn St, Reading, Pennsylvania, United States 19601",
    "Website": "https://www.santander-arena.com/"
  },
  {
    "Name": "Scanlon Ice Rink",
    "Address": "1099 E Tioga St, Philadelphia, Pennsylvania, United States 19134",
    "Website": "http://sniderhockey.org/scanlon-ice-rink"
  },
  {
    "Name": "Roy McKnight Ice Center aka. Shady Side Academy Rink",
    "Address": "423 Fox Chapel Rd, Fox Chapel, Pennsylvania, United States 15238",
    "Website": "https://www.shadysideacademy.org/athletics/athletics-facilities"
  },
  {
    "Name": "S&T Bank Arena",
    "Address": "497 East Pike Rd., Indiana, Pennsylvania, United States 15701",
    "Website": "https://whitetownshiprec.org/"
  },
  {
    "Name": "Rostraver Ice Gardens",
    "Address": "PA 51 and Gallitin Rd., Belle Vernon, Pennsylvania, United States 15012",
    "Website": "http://www.therostravericegarden.com/"
  },
  {
    "Name": "Rizzo Ice Rink",
    "Address": "1001 S Front St, Philadelphia, Pennsylvania, United States 19147",
    "Website": "http://rizzorink.com/public-skating/"
  },
  {
    "Name": "RMU Island Sports Center",
    "Address": "7600 Grand Ave, Pittsburgh, Pennsylvania, United States 15225",
    "Website": "http://www.rmuislandsports.com/"
  },
  {
    "Name": "Revolution Ice Center",
    "Address": "12 Old Boston Road, Pittston, Pennsylvania, United States 18640",
    "Website": "https://www.revo-ice.com/"
  },
  {
    "Name": "Revolution Ice Gardens",
    "Address": "1621 Mearns Road, Warwick, Pennsylvania, United States 18974",
    "Website": "https://www.revolutionicegardens.com/"
  },
  {
    "Name": "Printscape Arena",
    "Address": "114 Southpointe Blvd, Canonsburg, Pennsylvania, United States 15317",
    "Website": "http://www.printscapearena.com/"
  },
  {
    "Name": "Regency Ice Rink",
    "Address": "2155 Ambassador Circle, Lancaster, Pennsylvania, United States 17603",
    "Website": "http://regencyicerink.com/"
  },
  {
    "Name": "PPL Center",
    "Address": "701 Hamilton St, Allentown, Pennsylvania, United States 18101",
    "Website": "http://www.pplcenter.com/"
  },
  {
    "Name": "Power Play Rink",
    "Address": "701 Haywood Dr, Exton, Pennsylvania, United States 19341",
    "Website": "https://skatepowerplay.com/"
  },
  {
    "Name": "PPG Paints Arena",
    "Address": "1001 Fifth Ave, Pittsburgh, Pennsylvania, United States 15219",
    "Website": "http://www.ppgpaintsarena.com/"
  },
  {
    "Name": "Pittsburgh Ice Arena aka. Valley Sports Complex",
    "Address": "700 Craigdell Road, New Kensington, Pennsylvania, United States 15068",
    "Website": "http://www.pittsburghicearena.com/"
  },
  {
    "Name": "PNY Sports Arena prev. Westtown Ice Center",
    "Address": "1646 West Chester Pike, West Chester, Pennsylvania, United States 19083",
    "Website": "https://pnysportsarena.com/"
  },
  {
    "Name": "Pegula Ice Arena aka. Penn State Ice Arena",
    "Address": "250 University Dr, University Park, Pennsylvania, United States 16802",
    "Website": "https://en.wikipedia.org/wiki/Pegula_Ice_Arena"
  },
  {
    "Name": "Penguins Pond at Highmark Stadium",
    "Address": "510 West Station Square Dr., Pittsburgh, Pennsylvania, United States 15219",
    "Website": "https://www.nhl.com/penguins/news/penguins-pond-to-open-at-highmark-stadium-friday-december-14-at-2-p-m/c-647075"
  },
  {
    "Name": "Old York Road Ice Rink aka. The Rink at Old York Road",
    "Address": "8116 Church Rd, Elkins Park, Pennsylvania, United States 19027",
    "Website": "https://www.tripadvisor.com/Attraction_Review-g52583-d12064771-Reviews-The_Rink_on_Old_York_Road-Elkins_Park_Pennsylvania.html"
  },
  {
    "Name": "North Park Ice Skating Rink",
    "Address": "303 Pearce Mill Road, Allison Park, Pennsylvania, United States 15101",
    "Website": "https://www.alleghenycounty.us/parks/activities/winter-sports/ice-skating---hockey.aspx"
  },
  {
    "Name": "Oaks Center Ice",
    "Address": "87 Brower Ave, Phoenixville, Pennsylvania, United States 19460",
    "Website": "http://www.oakscenterice.com/"
  },
  {
    "Name": "Mt Lebanon Recreation Center",
    "Address": "900 Cedar Blvd., Mt Lebanon, Pennsylvania, United States 15228",
    "Website": "http://mtlebanon.org/206/Recreation-Center"
  },
  {
    "Name": "North Central Recreation Center",
    "Address": "186 Schoolhouse Rd, Ebensburg, Pennsylvania, United States 15931",
    "Website": "https://www.northcentralrec.com/"
  },
  {
    "Name": "Mercyhurst Ice Center",
    "Address": "501 E. 38th St, Erie, Pennsylvania, United States 16504",
    "Website": "https://en.wikipedia.org/wiki/Mercyhurst_Ice_Center"
  },
  {
    "Name": "Mohegan Sun Arena",
    "Address": "255 Highland Park Blvd, Wilkes-Barre, Pennsylvania, United States 18702",
    "Website": "https://www.tripadvisor.com/Attraction_Review-g54002-d2688977-Reviews-Mohegan_Sun_Arena_at_Casey_Plaza-Wilkes_Barre_Luzerne_County_Pocono_Mountains_Regi.html"
  },
  {
    "Name": "Meadville Area Recreation Complex aka. George S. DeArment Ice Arena",
    "Address": "800 Thurston Rd., Meadville, Pennsylvania, United States 16335",
    "Website": "https://www.marc4fun.com/ice-arena"
  },
  {
    "Name": "Laura Simms Skate House",
    "Address": "Cobbs Creek Pkwy & Walnut St, Philadelphia, Pennsylvania, United States 19139",
    "Website": "https://www.facebook.com/pages/Laura-Sims-Skate-House/128905623830510"
  },
  {
    "Name": "Lehigh Valley Ice Rink aka. The Rink at Lehigh Valley",
    "Address": "3323 7th St., Whitehall, Pennsylvania, United States 18052",
    "Website": "https://lehighvalleyicearena.com/"
  },
  {
    "Name": "Klick Lewis Arena",
    "Address": "101 Landings Drive, Annville, Pennsylvania, United States 17003",
    "Website": "https://www.klicklewisarena.com/"
  },
  {
    "Name": "Lancaster Ice Rink aka. Lancaster",
    "Address": "371 Carerra Drive, Lancaster, Pennsylvania, United States 17601",
    "Website": "http://www.lancastericerink.org/"
  },
  {
    "Name": "Junge Pavilion aka. Academy of the New Church",
    "Address": "3022 Carinwood Dr, Bryn Athyn, Pennsylvania, United States 19009",
    "Website": "https://www.facebook.com/jungepavilion"
  },
  {
    "Name": "Junge Pavilion aka. Academy of the New Church",
    "Address": "3022 Carinwood Dr, Bryn Athyn, Pennsylvania, United States 19009",
    "Website": "https://www.facebook.com/jungepavilion"
  },
  {
    "Name": "John M. Cochran Ice Arena",
    "Address": "423 W 38th St, Erie, Pennsylvania, United States 16508",
    "Website": "https://www.eriezoo.org/ice-center"
  },
  {
    "Name": "Ice Mine",
    "Address": "5001 West Crawford Ave, Connellsville, Pennsylvania, United States 15425",
    "Website": "https://www.tripadvisor.com/Attraction_Review-g52427-d6681828-Reviews-Coudersport_Ice_Mine-Coudersport_Potter_County_Pennsylvania.html"
  },
  {
    "Name": "Ice Mine",
    "Address": "5001 W Crawford Ave, Connellsville, Pennsylvania, United States 15425",
    "Website": "https://www.tripadvisor.com/Attraction_Review-g52427-d6681828-Reviews-Coudersport_Ice_Mine-Coudersport_Potter_County_Pennsylvania.html"
  },
  {
    "Name": "Ice Center of Erie",
    "Address": "3515 McClelland Ave, Erie, Pennsylvania, United States 16510",
    "Website": "https://www.eriezoo.org/ice-center"
  },
  {
    "Name": "Ice Line",
    "Address": "700 Lawrence Drive, West Chester, Pennsylvania, United States 19380",
    "Website": "https://en.wikipedia.org/wiki/Ice_Line_Quad_Rinks"
  },
  {
    "Name": "Hot Shots Indoor Sports",
    "Address": "482 Bessemer Rd., Mt Pleasant, Pennsylvania, United States 15666",
    "Website": "https://www.yellowpages.com/mount-pleasant-pa/mip/hot-shots-indoor-sports-arena-13894560"
  },
  {
    "Name": "Ice Castle Arena",
    "Address": "990 Castle Shannon Blvd., Pittsburgh, Pennsylvania, United States 15234",
    "Website": "https://www.icecastlearena.com/"
  },
  {
    "Name": "Hockey Heaven",
    "Address": "840 Bethleham Pike, Colmar, Pennsylvania, United States 18915",
    "Website": "https://www.facebook.com/hockeyheavenshop/?__xts__%5B0%5D=68.ARCfF8fgrHrgpCQ1-RCq"
  },
  {
    "Name": "Hess Ice Rink",
    "Address": "3365 Mitchell Rd, New Castle, Pennsylvania, United States 16105",
    "Website": "https://www.hessicerink.com/"
  },
  {
    "Name": "Hill School Ice Rink aka. Thomas Eccleston Jr Rink",
    "Address": "764 Beech St, Pottstown, Pennsylvania, United States 19464",
    "Website": "https://myhockeyrankings.com/rink_info.php?r=1376"
  },
  {
    "Name": "Hersheypark Arena",
    "Address": "100 W. Hersheypark Dr., Hershey, Pennsylvania, United States 17033",
    "Website": "https://en.wikipedia.org/wiki/Hersheypark_Arena"
  },
  {
    "Name": "Hersheypark Stadium",
    "Address": "100 W. Hersheypark Dr., Hershey, Pennsylvania, United States 17033",
    "Website": "https://en.wikipedia.org/wiki/Hersheypark_Stadium"
  },
  {
    "Name": "Grundy Ice Arena",
    "Address": "475 Beaver St, Bristol, Pennsylvania, United States 19007",
    "Website": "http://grundyarena.com/"
  },
  {
    "Name": "Hatfield Ice Arena",
    "Address": "350 County Line Rd, Hatfield, Pennsylvania, United States 18915",
    "Website": "https://www.hatfieldice.com/"
  },
  {
    "Name": "Giant Center",
    "Address": "300 Hershey Park Dr., Hershey, Pennsylvania, United States 17033",
    "Website": "https://www.hersheyentertainment.com/giant-center/"
  },
  {
    "Name": "Galactic Ice Arena",
    "Address": "750 Park Ave, Altoona, Pennsylvania, United States 16602",
    "Website": "https://www.facebook.com/GalacticIceRink/"
  },
  {
    "Name": "Giant Center",
    "Address": "950 W Hersheypark Dr, Hershey, Pennsylvania, United States 17033",
    "Website": "https://www.hersheyentertainment.com/giant-center/"
  },
  {
    "Name": "Frozen Pond Arena",
    "Address": "118 Sylvan Spring Lane, Valencia, Pennsylvania, United States 16059",
    "Website": "https://www.frozenpondarena.com/"
  },
  {
    "Name": "ErieBank Sports Park",
    "Address": "8159 Oliver Rd, Erie, Pennsylvania, United States 16509",
    "Website": "https://www.eriebanksportspark.org/"
  },
  {
    "Name": "Flyers Skate Zone Northeast",
    "Address": "10990 Decatur Rd, Philadelphia, Pennsylvania, United States 19154",
    "Website": "https://www.flyersskatezone.com/"
  },
  {
    "Name": "Erie Insurance Arena",
    "Address": "809 French St, Erie, Pennsylvania, United States 16501",
    "Website": "https://www.erieinsurancearena.com/"
  },
  {
    "Name": "Class of 1923 Ice Rink",
    "Address": "3130 Walnut St, Philadelphia, Pennsylvania, United States 19104",
    "Website": "https://www.facilities.upenn.edu/maps/locations/class-1923-ice-rink"
  },
  {
    "Name": "Center Ice Arena",
    "Address": "100 Center Ice Dr, Delmont, Pennsylvania, United States 15626",
    "Website": "https://centericearena.com/"
  },
  {
    "Name": "Bucks County Ice Sports Center",
    "Address": "1185 York Rd, Warminster, Pennsylvania, United States 18974",
    "Website": "https://bucksice.com/"
  },
  {
    "Name": "Callahan Ice Rink",
    "Address": "64 Poplin Ave, Bradford, Pennsylvania, United States 16701",
    "Website": "https://visitanf.com/callahan-ice-rink/"
  },
  {
    "Name": "Blue Cross Riverrink",
    "Address": "Columbus Blvd & Chestnut St, Philadelphia, Pennsylvania, United States 19106",
    "Website": "https://www.tripadvisor.co.uk/Attraction_Review-g60795-d780125-Reviews-Blue_Cross_RiverRink-Philadelphia_Pennsylvania.html"
  },
  {
    "Name": "Body Zone Sports Complex",
    "Address": "3103 Paper Mill Road, Wyomissing, Pennsylvania, United States 19608",
    "Website": "https://bodyzonesports.com/"
  },
  {
    "Name": "Belmont Ice Complex",
    "Address": "415 Butler Road, Kittanning, Pennsylvania, United States 16201",
    "Website": "https://belmontcomplex.net/"
  },
  {
    "Name": "Bethlehem Municipal Rink",
    "Address": "345 Illicks Mill Road, Bethlehem, Pennsylvania, United States 18017",
    "Website": "https://www.bethlehem-pa.gov/Recreation/Recreation-Activities/Ice-Rink"
  },
  {
    "Name": "Beaver County Ice Arena aka. Bradys Run Park Ice Arena",
    "Address": "121 Bradys Run Rd, Beaver Falls, Pennsylvania, United States 15009",
    "Website": "http://www.beavercountypa.gov/Depts/RecTour/Pages/IceArena.aspx"
  },
  {
    "Name": "Aston Ice Works",
    "Address": "701 W. Duttons Mill Rd, Aston, Pennsylvania, United States 19014",
    "Website": "https://iceworks.net/"
  },
  {
    "Name": "Baierl Ice Complex",
    "Address": "103 Marshall Dr, Warrendale, Pennsylvania, United States 15086",
    "Website": "https://www.baierlicecomplex.com/"
  },
  {
    "Name": "1st Summit Arena @Cambria County War Memorial aka. Cambria County War Memorial Arena",
    "Address": "326 Napoleon St, Johnstown, Pennsylvania, United States 15901",
    "Website": "https://www.1stsummitarena.com/"
  },
  {
    "Name": "Alpha Ice Complex",
    "Address": "66 Alpha Dr, Harmarville, Pennsylvania, United States 15238",
    "Website": "http://www.alphaicecomplex.com/"
  },
  {
    "Name": "Veterans Memorial Coliseum",
    "Address": "300 N Winning Way, Portland, Oregon, United States 97227",
    "Website": "https://www.portland.gov/omf/veterans-memorial-coliseum"
  },
  {
    "Name": "Winterhawks Skating Center",
    "Address": "9250 SW Beaverton Hillsdale Hwy, Beaverton, Oregon, United States 97005",
    "Website": "http://winterhawksskatingcenter.com/"
  },
  {
    "Name": "Sherwood Ice Arena",
    "Address": "20407 SW Borchers Dr, Sherwood, Oregon, United States 97140",
    "Website": "https://www.koin.com/local/washington-county/another-permanent-pandemic-related-closing-sherwood-ice-arena/"
  },
  {
    "Name": "Rink Exchange",
    "Address": "796 W 13th Ave, Eugene, Oregon, United States 97402",
    "Website": "http://www.therinkexchange.com/"
  },
  {
    "Name": "RRRink",
    "Address": "1349 Center Dr, Medford, Oregon, United States 97501",
    "Website": "https://www.tripadvisor.com/Attraction_Review-g51965-d3860747-Reviews-The_RRRink-Medford_Oregon.html"
  },
  {
    "Name": "Moda Center aka. Rose Garden Arena",
    "Address": "1 Center Court, Portland, Oregon, United States 97227",
    "Website": "https://www.modaportland.com/"
  },
  {
    "Name": "Pavilion aka. The Pavilion in Bend",
    "Address": "1001 SW Bradbury Way, Bend, Oregon, United States 97702",
    "Website": "https://www.tripadvisor.com/Attraction_Review-g51766-d10785907-Reviews-The_Pavilion-Bend_Central_Oregon_Oregon.html"
  },
  {
    "Name": "Klamath Ice Sports aka. Bill Collier Community Ice Rink",
    "Address": "5075 Fox Sparrow Dr, Klamath Falls, Oregon, United States 97601",
    "Website": "http://www.klamathicesports.org/"
  },
  {
    "Name": "Lloyd Center Ice Rink",
    "Address": "953 Lloyd Ctr, Portland, Oregon, United States 97232",
    "Website": "https://www.lloydice.com/public-skate"
  },
  {
    "Name": "Ashland Rotary Centennial Ice Rink",
    "Address": "95 Winburn Way, Ashland, Oregon, United States 97520",
    "Website": "http://www.ashland.or.us/News.asp?NewsID=4877"
  },
  {
    "Name": "Cox Convention Center",
    "Address": "1 Myriad Gardens, Oklahoma City, Oklahoma, United States 73102",
    "Website": "https://www.coxconventioncenter.com/"
  },
  {
    "Name": "Oilers Ice Center",
    "Address": "6413 S. Mingo Rd, Tulsa, Oklahoma, United States 74133",
    "Website": "https://oilersicecenter.net/"
  },
  {
    "Name": "Blazers Ice Centre",
    "Address": "8000 South I-35 Service Rd, Oklahoma City, Oklahoma, United States 73149",
    "Website": "https://blazersicecentre.com/"
  },
  {
    "Name": "BOK Center aka. Bank of Oklahoma Center",
    "Address": "200 S Denver Ave, Tulsa, Oklahoma, United States 74103",
    "Website": "https://www.bokcenter.com/"
  },
  {
    "Name": "Winter Park",
    "Address": "218 West Street, Columbus, Ohio, United States 43215",
    "Website": "https://www.onlyinyourstate.com/ohio/amazing-winter-park-oh/"
  },
  {
    "Name": "Arctic Edge Ice Arena",
    "Address": "14613 N Kelly Ave, Oklahoma City, Oklahoma, United States 73013",
    "Website": "https://arctic-edge.com/"
  },
  {
    "Name": "US Bank Arena",
    "Address": "100 Broadway, Cincinnati, Ohio, United States 45202",
    "Website": "https://heritagebankcenter.com/"
  },
  {
    "Name": "Value City Arena aka. Schottenstein Center",
    "Address": "555 Borror Dr, Columbus, Ohio, United States 43210",
    "Website": "https://www.schottensteincenter.com/"
  },
  {
    "Name": "Thornton Park Ice Rink",
    "Address": "3301 Warrensville Center Road, Shaker Heights, Ohio, United States 44122",
    "Website": "https://www.shakeronline.com/281/Ice-Arena"
  },
  {
    "Name": "Team Toledo Ice House",
    "Address": "1258 W. Alexis Rd., Toledo, Ohio, United States 43612",
    "Website": "http://teamtoledoicehouse.com/"
  },
  {
    "Name": "Tam-o-Shanter",
    "Address": "7060 Sylvania Ave, Sylvania, Ohio, United States 43560",
    "Website": "https://sylvaniatamoshanter.com/"
  },
  {
    "Name": "Sports Plus Ohio",
    "Address": "10765 Reading Road, Cincinnati, Ohio, United States 45241",
    "Website": "http://www.sportsplusohio.com/"
  },
  {
    "Name": "Serpentini Arena aka. Winterhurst",
    "Address": "14740 Lakewood Heights Blvd, Lakewood, Ohio, United States 44107",
    "Website": "https://www.serpentiniarena.com/"
  },
  {
    "Name": "South Metro Ice Haus",
    "Address": "10561 Success Lane, Centerville, Ohio, United States 45458",
    "Website": "http://smetrosports.com/ice-haus"
  },
  {
    "Name": "Ries Rink aka. Michael A. Ries Rink",
    "Address": "5000 Forestwood Dr, Parma, Ohio, United States 44134",
    "Website": "https://www.facebook.com/riesrink"
  },
  {
    "Name": "Rocket Mortgage FieldHouse",
    "Address": "1 Center Court, Cleveland, Ohio, United States 44115",
    "Website": "https://www.rocketmortgagefieldhouse.com/"
  },
  {
    "Name": "Ottawa Park Rink",
    "Address": "2200 W. Bancroft St., Toledo, Ohio, United States 43606",
    "Website": "http://www.ottawapark.org/outdoor-ice-rink-ottawa-park-toledo.html"
  },
  {
    "Name": "Pond",
    "Address": "9999 East Washington St, Chagrin Falls, Ohio, United States 44023",
    "Website": "https://ohiodnr.gov/static/documents/wildlife/fish-management/Pond%20Management%20Pub432.pdf"
  },
  {
    "Name": "OSU Ice Rink aka. Ohio State University Ice Rink",
    "Address": "390 Woody Hayes Dr, Columbus, Ohio, United States 43210",
    "Website": "https://ohiostatebuckeyes.com/sports/w-hockey/facilities/ice-rink/"
  },
  {
    "Name": "OhioHealth Ice Haus aka. Ice Haus",
    "Address": "200 W Nationwide Blvd, Columbus, Ohio, United States 43215",
    "Website": "https://www.arenadistrict.com/listing/ohiohealth-ice-haus/"
  },
  {
    "Name": "Orr Ice Arena aka. C.E. Orr Ice Arena",
    "Address": "22550 Milton Dr, Euclid, Ohio, United States 44123",
    "Website": "http://www.cityofeuclid.com/recreation/icearena"
  },
  {
    "Name": "NTPRD Chiller",
    "Address": "301 West Main St, Springfield, Ohio, United States 45504",
    "Website": "https://www.ntprdchiller.com/"
  },
  {
    "Name": "OBM Arena aka. Ice Land USA",
    "Address": "15381 Royalton Rd, Strongsville, Ohio, United States 44136",
    "Website": "https://www.obmarena.com/"
  },
  {
    "Name": "North Olmsted",
    "Address": "26000 Lorain Rd, North Olmsted, Ohio, United States 44070",
    "Website": "https://www.north-olmsted.com/"
  },
  {
    "Name": "Northland Ice Center",
    "Address": "10400 Reading Road, Evendale, Ohio, United States 45241",
    "Website": "https://www.northlandicecenter.com/"
  },
  {
    "Name": "Nationwide Arena",
    "Address": "200 W Nationwide Blvd, Columbus, Ohio, United States 43215",
    "Website": "http://www.nationwidearena.com/"
  },
  {
    "Name": "Lou and Gib Reese Ice Arena aka. Newark Ice Arena",
    "Address": "936 Sharon Valley Rd, Newark, Ohio, United States 43055",
    "Website": "https://newarkicearena.com/"
  },
  {
    "Name": "Mentor Civic Arena",
    "Address": "8600 Munson Rd, Mentor, Ohio, United States 44060",
    "Website": "https://www.tripadvisor.com/Attraction_Review-g50641-d2513583-Reviews-Mentor_Civic_Arena-Mentor_Lake_County_Ohio.html"
  },
  {
    "Name": "Kent State Ice Arena",
    "Address": "1 Loop Drive, Kent, Ohio, United States",
    "Website": "https://www.kent.edu/kent/ice-arena"
  },
  {
    "Name": "Kettering Ice Arena",
    "Address": "2900 Glengarry Dr, Kettering, Ohio, United States 45420",
    "Website": "https://www.playkettering.org/ice-skating-facilities/"
  },
  {
    "Name": "John M Coyne Recreation Center aka. Brooklyn Recreation Center",
    "Address": "7600 Memphis Avenue, Brooklyn, Ohio, United States 44144",
    "Website": "http://www.brooklynohio.gov/en-US/recreation-center-policies.aspx"
  },
  {
    "Name": "Indian Hill Winter Club",
    "Address": "10005 Fletcher Rd, Camp Dennison, Ohio, United States 45111",
    "Website": "http://www.ihwinterclub.com/"
  },
  {
    "Name": "Huntington Center",
    "Address": "500 Jefferson Ave, Toledo, Ohio, United States 43604",
    "Website": "https://en.wikipedia.org/wiki/Huntington_Center_(Toledo,_Ohio)"
  },
  {
    "Name": "Hamilton Ice Arena",
    "Address": "21018 Hilliard Blvd, Rocky River, Ohio, United States 44116",
    "Website": "https://columbusparksandrec.com/programs-and-events/ice-programs/"
  },
  {
    "Name": "Hobart Arena",
    "Address": "255 Adams Street, Troy, Ohio, United States 45373",
    "Website": "http://www.hobartarena.com/"
  },
  {
    "Name": "Gilmour Academy",
    "Address": "2045 SOM Center Rd., Gates Mills, Ohio, United States 44040",
    "Website": "https://www.gilmour.org/"
  },
  {
    "Name": "Goggin Ice Center",
    "Address": "610 S Oak St, Oxford, Ohio, United States 45056",
    "Website": "http://www.miamioh.edu/ice/"
  },
  {
    "Name": "Fremont Recreation Center",
    "Address": "600 St. Joseph St., Fremont, Ohio, United States 43420",
    "Website": "https://www.fremontohio.org/departments/recreation/"
  },
  {
    "Name": "Garfield Heights Ice Rink aka. Dan Kostel Recreation Center",
    "Address": "5411 Turney Road, Garfield Heights, Ohio, United States 44125",
    "Website": "https://www.rinktime.com/rinks/united-states/ohio/garfield-heights/ice-skating-rink/dan-kostel-recreation-center/"
  },
  {
    "Name": "Fairgrounds Coliseum aka. Taft Coliseum",
    "Address": "717 E 17th Ave, Columbus, Ohio, United States 43211",
    "Website": "https://en.wikipedia.org/wiki/Taft_Coliseum"
  },
  {
    "Name": "Deep Freeze Ice Arena",
    "Address": "360 McClurg Rd, Boardman, Ohio, United States 44512",
    "Website": "https://deepfreezeicearena.com/"
  },
  {
    "Name": "Elyria Ice Rink aka. North Park Ice Rink",
    "Address": "901 Duffey St, Elyria, Ohio, United States 44035",
    "Website": "https://www.cityofelyria.org/department/parks-and-recreation/ice-arena/"
  },
  {
    "Name": "Covelli Centre",
    "Address": "229 East Front Street, Youngstown, Ohio, United States 44503",
    "Website": "https://covellicentre.com/"
  },
  {
    "Name": "Cube",
    "Address": "3430 N Main St, Findlay, Ohio, United States 45840",
    "Website": "https://cubecleveland.com/"
  },
  {
    "Name": "Cleveland Heights Community Center",
    "Address": "1 Monticello Blvd, Cleveland Hts, Ohio, United States 44118",
    "Website": "https://www.chparks.com/31/Community-Center"
  },
  {
    "Name": "Cleveland Skating Club",
    "Address": "2500 Kemper Rd, Shaker Heights, Ohio, United States 44120",
    "Website": "https://www.clevelandskatingclub.org/Home.aspx"
  },
  {
    "Name": "Chiller North",
    "Address": "8144 Highfield Dr, Lewis Center, Ohio, United States 43035",
    "Website": "http://www.thechiller.com/"
  },
  {
    "Name": "Chiller Easton",
    "Address": "3600 Chiller Ln, Columbus, Ohio, United States 43219",
    "Website": "http://www.thechiller.com/?pageName=page&pageid=31"
  },
  {
    "Name": "Chiller Ice Works",
    "Address": "401 E Wilson Bridge Rd, Worthington, Ohio, United States 43085",
    "Website": "https://www.thechiller.com/"
  },
  {
    "Name": "Chiller Dublin",
    "Address": "7001 Dublin Park Dr, Dublin, Ohio, United States 43016",
    "Website": "https://www.thechiller.com/"
  },
  {
    "Name": "Center Ice Sports Complex",
    "Address": "8319 Port Jackson NW, North Canton, Ohio, United States 44720",
    "Website": "https://www.centericesports.com/"
  },
  {
    "Name": "BGSU Ice Arena",
    "Address": "417 North Mercer Rd, Bowling Green, Ohio, United States 43403",
    "Website": "https://www.bgsu.edu/ice-arena.html"
  },
  {
    "Name": "Bird Arena aka. Ossian C. Bird Arena",
    "Address": "Oxbow Trial, Athens, Ohio, United States 45701",
    "Website": "https://en.wikipedia.org/wiki/Bird_Arena"
  },
  {
    "Name": "Alice Noble Ice Arena",
    "Address": "851 Oldman Rd, Wooster, Ohio, United States 44691",
    "Website": "https://www.nobleice.com/"
  },
  {
    "Name": "Barons Arena",
    "Address": "5310 Hauserman Road, Parma, Ohio, United States 44130",
    "Website": "https://www.clebarons.com/"
  },
  {
    "Name": "Youth Sports Complex",
    "Address": "940 Central Ave N, Valley City, North Dakota, United States 58072",
    "Website": "https://brownsburgparks.com/youth-sports-complex/"
  },
  {
    "Name": "West Fargo Sports Arena",
    "Address": "3100 Sheyenne St, West Fargo, North Dakota, United States 58078",
    "Website": "https://www.west-fargo.k12.nd.us/wfsportsarena"
  },
  {
    "Name": "Winter Sports Arena",
    "Address": "1520 5th St E, Grafton, North Dakota, United States",
    "Website": "https://en.wikipedia.org/wiki/Winter_Sports_Building"
  },
  {
    "Name": "Veterans Memorial Arena",
    "Address": "1201 7th Ave E, West Fargo, North Dakota, United States 58078",
    "Website": "https://www.facebook.com/VMAWFPD/"
  },
  {
    "Name": "VFW Sport Center",
    "Address": "1200 N Washington St, Bismarck, North Dakota, United States 58501",
    "Website": "https://www.bisparks.org/facilities/vfw-sports-center/"
  },
  {
    "Name": "Starion Sports Complex",
    "Address": "111 Old Red Trail NE, Mandan, North Dakota, United States 58554",
    "Website": "http://starionsportscomplex.com/"
  },
  {
    "Name": "Stern Sports Arena",
    "Address": "1026 11th St N, Wahpeton, North Dakota, United States 58075",
    "Website": "https://www.facebook.com/Ella-Stern-Harry-Stern-Sports-Arena-104227944433087/"
  },
  {
    "Name": "Southwest Youth Ice Arena",
    "Address": "4404 23 Ave SW, Fargo, North Dakota, United States 58104",
    "Website": "https://www.fargoparks.com/parks-and-facilities/southwest-youth-ice-arena"
  },
  {
    "Name": "Scheels Arena",
    "Address": "5225 31st Ave S, Fargo, North Dakota, United States 58104",
    "Website": "https://www.tripadvisor.co.uk/Attraction_Review-g49785-d8413563-Reviews-Scheels_Arena-Fargo_North_Dakota.html"
  },
  {
    "Name": "Southside Sports Arena aka. Sports Arena",
    "Address": "2001 17th Ave South, Fargo, North Dakota, United States 58103",
    "Website": "https://www.ndaha.org/page/show/82248-north-dakota-arenas"
  },
  {
    "Name": "Raymond Family Community Center aka. Pete Conlin Arena",
    "Address": "1002 11th St W, Williston, North Dakota, United States 58801",
    "Website": "https://www.willistonparks.com/about-us"
  },
  {
    "Name": "Schaumberg Ice Arena",
    "Address": "221 Reno Ave, Bismarck, North Dakota, United States 58504",
    "Website": "https://www.bisparks.org/facilities/capital-ice-complexschaumberg-arena-and-wachter-arena/"
  },
  {
    "Name": "Quentin Burdick Sports Arena aka. Burdick Arena",
    "Address": "392 16th St, Devils Lake, North Dakota, United States 58301",
    "Website": "https://www.dlblueline.com/page/show/1006047-arenas"
  },
  {
    "Name": "Ralph Engelstad Arena",
    "Address": "801 N Columbia Rd, Grand Forks, North Dakota, United States 58203",
    "Website": "http://www.theralph.com/"
  },
  {
    "Name": "Purpur Arena",
    "Address": "1110 7th Ave S, Grand Forks, North Dakota, United States 58201",
    "Website": "https://www.gfparks.org/parks-facilities/arenas-athletic-complexes/purpur-gambucci/"
  },
  {
    "Name": "Northwood Ice Rink",
    "Address": "4th Ave NE & 35th St NE, Northwood, North Dakota, United States 58267",
    "Website": "https://www.google.com/maps/place/Northwood+Ice+Rink/@47.7324634,-97.5839733,15.99z/data=!4m5!3m4!1s0x52c5b14afa30f66b:0x5a634c2d75205721!8m2!3d47.7329508!4d-97.5808977"
  },
  {
    "Name": "Park River Arena",
    "Address": "510 West 6th St, Park River, North Dakota, United States 41011",
    "Website": "https://www.ndaha.org/page/show/82248-north-dakota-arenas"
  },
  {
    "Name": "McKenzie County Multi-Purpose Building",
    "Address": "400 11th St, Watford City, North Dakota, United States 58854",
    "Website": "https://www.cityofwatfordcity.com/Department/Facilities/McKenzie-County-Multi-Purpose-BuildingFairgrounds"
  },
  {
    "Name": "MayPort Community Center",
    "Address": "942 Main St, Mayville, North Dakota, United States 58257",
    "Website": "https://www.mayvilleportland.com/things-to-do/community-center/"
  },
  {
    "Name": "MAYSA Arena",
    "Address": "2501 Burdick Expy West, Minot, North Dakota, United States 58701",
    "Website": "https://minotparks.com/maysa-arena/"
  },
  {
    "Name": "John Carlson Coliseum aka. Coliseum",
    "Address": "807 17th Ave North, Fargo, North Dakota, United States 58102",
    "Website": "https://en.wikipedia.org/wiki/John_E._Carlson_Coliseum"
  },
  {
    "Name": "John L. Wilson Arena",
    "Address": "1009 7th St NE, Jamestown, North Dakota, United States 58401",
    "Website": "https://jamestownparksandrec.com/facilities/john-l-wilson-arena/"
  },
  {
    "Name": "ICON Sport Center",
    "Address": "1060 47th Ave S, Grand Forks, North Dakota, United States 58201",
    "Website": "https://www.gfparks.org/parks-facilities/arenas-athletic-complexes/icon-sports-center/"
  },
  {
    "Name": "Jason Stadstad Arena",
    "Address": "1001 Western Ave, Manvel, North Dakota, United States 58256",
    "Website": "https://www.facebook.com/pages/Jason-Stadstad-Arena/49029751253"
  },
  {
    "Name": "Gambucci Arena",
    "Address": "1110 7th Ave S, Grand Forks, North Dakota, United States 58201",
    "Website": "https://www.gfparks.org/parks-facilities/arenas-athletic-complexes/purpur-gambucci/"
  },
  {
    "Name": "H.A. Thompson & Sons Arena",
    "Address": "831 17th Ave N, Fargo, North Dakota, United States 58102",
    "Website": "https://www.hatandsons.com/"
  },
  {
    "Name": "Eagles Arena",
    "Address": "1009 7th St NE, Jamestown, North Dakota, United States 58401",
    "Website": "https://www.ndaha.org/page/show/82248-north-dakota-arenas"
  },
  {
    "Name": "Eagles Arena",
    "Address": "1900 S 25th St, Grand Forks, North Dakota, United States 58201",
    "Website": "https://www.ndaha.org/page/show/82248-north-dakota-arenas"
  },
  {
    "Name": "Dickinson Recreation Center",
    "Address": "1865 Empire Rd, Dickinson, North Dakota, United States 58601",
    "Website": "https://dickinsonparks.org/"
  },
  {
    "Name": "Crosby Arena",
    "Address": "450 1st Ave NE, Crosby, North Dakota, United States 58730",
    "Website": "https://www.rinktime.com/rinks/united-states/north-dakota/crosby-1/ice-skating-rink/crosby-sports-arena/"
  },
  {
    "Name": "Dakota Spirit Arena",
    "Address": "1801 11th Ave, Langdon, North Dakota, United States 58249",
    "Website": "https://arena-guide.com/arena/dakota-spirit-arena/"
  },
  {
    "Name": "Centennial Center",
    "Address": "722 15th St S, Grafton, North Dakota, United States 58301",
    "Website": "https://mapcarta.com/31710094"
  },
  {
    "Name": "Bottineau Community Arena",
    "Address": "403 E 7th St, Bottineau, North Dakota, United States 58318",
    "Website": "http://www.bottineauparks.com/schedule.html"
  },
  {
    "Name": "Cando All Seasons Arena",
    "Address": "839 6th St, Cando, North Dakota, United States 58324",
    "Website": "https://www.mapquest.com/us/north-dakota/cando-all-seasons-arena-356184445"
  },
  {
    "Name": "Bill Jerome Arena",
    "Address": "4th St NW & Frontage Rd, Devils Lake, North Dakota, United States",
    "Website": "https://www.dlblueline.com/page/show/1006047-arenas"
  },
  {
    "Name": "Blue Line Club Arena",
    "Address": "1900 S 25th St, Grand Forks, North Dakota, United States 58201",
    "Website": "http://www.dlblueline.com/"
  },
  {
    "Name": "All Seasons Arena",
    "Address": "905 9th St NW, Mandan, North Dakota, United States 58554",
    "Website": "https://www.ticketsmarter.com/venues/all-seasons-arena-at-north-dakota-state-fairgrounds"
  },
  {
    "Name": "Angels Arena",
    "Address": "1401 5th Ave North, Fargo, North Dakota, United States 58102",
    "Website": "https://www.fargoangelshockey.org/page/show/1946482-angels-arena"
  },
  {
    "Name": "All Seasons Arena",
    "Address": "736 3rd Ave, Hazen, North Dakota, United States 58545",
    "Website": "https://www.ticketsmarter.com/venues/all-seasons-arena-at-north-dakota-state-fairgrounds"
  },
  {
    "Name": "Agri-Sport Complex",
    "Address": "515 53rd St E, Williston, North Dakota, United States 58801",
    "Website": "https://www.mapquest.com/us/north-dakota/agri-sport-complex-414778986"
  },
  {
    "Name": "Al Wentz Arena",
    "Address": "234 Hwy 2 SE, Rugby, North Dakota, United States 58368",
    "Website": "https://www.rinktime.com/rinks/united-states/north-dakota/rugby/ice-skating-rink/al-wentz-arena/"
  },
  {
    "Name": "Wilmington Ice House",
    "Address": "7201 Ogden Business Lane, Wilmington, North Carolina, United States 28411",
    "Website": "https://www.wilmingtonice.com/"
  },
  {
    "Name": "Winston Salem Fairgrounds Annex",
    "Address": "414 Deacon Blvd, Winston-Salem, North Carolina, United States 27105",
    "Website": "https://wsfairgrounds.com/"
  },
  {
    "Name": "Wake Competition Center",
    "Address": "Competition Center Drive, Morrisville, North Carolina, United States 27560",
    "Website": "https://wakecompetitioncenter.com/"
  },
  {
    "Name": "Raleigh Center Ice",
    "Address": "912 Hodges St, Raleigh, North Carolina, United States 27608",
    "Website": "https://www.facebook.com/RaleighCenterIce"
  },
  {
    "Name": "Time Warner Cable Arena",
    "Address": "333 E Trade St, Charlotte, North Carolina, United States 28202",
    "Website": "https://en.wikipedia.org/wiki/Time_Warner_Cable_Arena"
  },
  {
    "Name": "Polar Ice WCC aka. Morrisville",
    "Address": "111 Competition Center Dr, Morrisville, North Carolina, United States 27560",
    "Website": "https://www.facebook.com/Polar-Ice-WCC-108935427583999/"
  },
  {
    "Name": "Polar Iceplex aka. Raleigh Iceplex",
    "Address": "2601 N Raleigh Blvd, Raleigh, North Carolina, United States 27604",
    "Website": "http://www.polariceraleigh.com/"
  },
  {
    "Name": "Polar Ice House – Garner",
    "Address": "103 New Rand Rd, Garner, North Carolina, United States 27529",
    "Website": "https://www.polaricegarner.com/"
  },
  {
    "Name": "Polar Ice House – Wake Forest",
    "Address": "1839-200 S Main St, Wake Forest, North Carolina, United States 27571",
    "Website": "https://www.polaricewakeforest.com/"
  },
  {
    "Name": "PNC Arena",
    "Address": "1400 Edwards Mill Rd, Raleigh, North Carolina, United States 27607",
    "Website": "https://www.pncarena.com/"
  },
  {
    "Name": "Polar Ice House – Cary",
    "Address": "1410 Buck Jones Rd, Cary, North Carolina, United States 27606",
    "Website": "https://www.polaricecary.com/"
  },
  {
    "Name": "Pineville Ice House",
    "Address": "400 Towne Center Blvd, Pineville, North Carolina, United States 28134",
    "Website": "https://www.pinevilleice.com/"
  },
  {
    "Name": "Greensboro Ice House",
    "Address": "6119 Landmark Center Blvd, Greensboro, North Carolina, United States 27407",
    "Website": "https://greensboroice.com/"
  },
  {
    "Name": "Orange County Sportsplex",
    "Address": "101 Meadowlands Dr, Hillsborough, North Carolina, United States 27278",
    "Website": "https://www.oc-sportsplex.com/"
  },
  {
    "Name": "Greensboro Coliseum",
    "Address": "1921 W. Lee St, Greensboro, North Carolina, United States 27403",
    "Website": "https://www.greensborocoliseum.com/"
  },
  {
    "Name": "Crown Complex Coliseum aka. Cumberland County Crown Coliseum",
    "Address": "1960 Coliseum Dr, Fayetteville, North Carolina, United States 28306",
    "Website": "https://en.wikipedia.org/wiki/Crown_Coliseum"
  },
  {
    "Name": "Extreme Ice Center",
    "Address": "4705 Indian Trail Fairview Rd, Indian Trail, North Carolina, United States 28079",
    "Website": "https://xicenter.com/"
  },
  {
    "Name": "Carolina IceZone",
    "Address": "104 Red Banks Rd, Greenville, North Carolina, United States 27858",
    "Website": "https://carolinaicezone.com/"
  },
  {
    "Name": "Cleland Ice Rink",
    "Address": "Reilly St & Longstreet, Fort Bragg, North Carolina, United States 28310",
    "Website": "https://bragg.armymwr.com/programs/cleland-ice-and-inline-skating-rink"
  },
  {
    "Name": "World Ice Arena",
    "Address": "13100 Avery Avenue, Flushing, New York, United States 11355",
    "Website": "https://www.nycgovparks.org/facilities/iceskating/10"
  },
  {
    "Name": "Bojangles Coliseum",
    "Address": "2700 E Independence Blvd, Charlotte, North Carolina, United States 28205",
    "Website": "https://www.boplex.com/"
  }
]